0 verbose cli /opt/homebrew/Cellar/node/25.8.1_1/bin/node /opt/homebrew/bin/npm
1 info using npm@11.11.0
2 info using node@v25.8.1
3 silly config load:file:/opt/homebrew/lib/node_modules/npm/npmrc
4 silly config load:file:/Users/hlorenzoz/databank/COD3/Antigravity/projects/templates/template-website/apps/template_website_dental_minimalist_teal/.npmrc
5 silly config load:file:/Users/hlorenzoz/.npmrc
6 silly config load:file:/opt/homebrew/etc/npmrc
7 verbose title npm install framer-motion lucide-react
8 verbose argv "install" "framer-motion" "lucide-react" "--cache" ".npm-cache" "--prefer-offline"
9 verbose logfile logs-max:10 dir:/Users/hlorenzoz/databank/COD3/Antigravity/projects/templates/template-website/apps/template_website_dental_minimalist_teal/.npm-cache/_logs/2026-03-22T12_36_03_666Z-
10 verbose logfile /Users/hlorenzoz/databank/COD3/Antigravity/projects/templates/template-website/apps/template_website_dental_minimalist_teal/.npm-cache/_logs/2026-03-22T12_36_03_666Z-debug-0.log
11 silly logfile done cleaning log files
12 silly packumentCache heap:4496293888 maxSize:1124073472 maxEntrySize:562036736
13 silly idealTree buildDeps
14 silly fetch manifest next@16.2.1
15 silly packumentCache full:https://registry.npmjs.org/next cache-miss
16 http fetch GET 200 https://registry.npmjs.org/npm 200ms
17 http fetch GET 200 https://registry.npmjs.org/next 383ms (cache miss)
18 silly packumentCache full:https://registry.npmjs.org/next set size:undefined disposed:false
19 silly fetch manifest @opentelemetry/api@^1.1.0
20 silly packumentCache full:https://registry.npmjs.org/@opentelemetry%2fapi cache-miss
21 http fetch GET 200 https://registry.npmjs.org/@opentelemetry%2fapi 91ms (cache miss)
22 silly packumentCache full:https://registry.npmjs.org/@opentelemetry%2fapi set size:undefined disposed:false
23 silly fetch manifest @playwright/test@^1.51.1
24 silly packumentCache full:https://registry.npmjs.org/@playwright%2ftest cache-miss
25 http fetch GET 200 https://registry.npmjs.org/@playwright%2ftest 301ms (cache miss)
26 silly packumentCache full:https://registry.npmjs.org/@playwright%2ftest set size:undefined disposed:false
27 silly fetch manifest babel-plugin-react-compiler@*
28 silly packumentCache full:https://registry.npmjs.org/babel-plugin-react-compiler cache-miss
29 http fetch GET 200 https://registry.npmjs.org/babel-plugin-react-compiler 240ms (cache miss)
30 silly packumentCache full:https://registry.npmjs.org/babel-plugin-react-compiler set size:undefined disposed:false
31 silly fetch manifest react@19.2.4
32 silly packumentCache full:https://registry.npmjs.org/react cache-miss
33 http fetch GET 200 https://registry.npmjs.org/react 118ms (cache miss)
34 silly packumentCache full:https://registry.npmjs.org/react set size:undefined disposed:false
35 silly fetch manifest react-dom@19.2.4
36 silly packumentCache full:https://registry.npmjs.org/react-dom cache-miss
37 http fetch GET 200 https://registry.npmjs.org/react-dom 183ms (cache miss)
38 silly packumentCache full:https://registry.npmjs.org/react-dom set size:undefined disposed:false
39 silly fetch manifest sass@^1.3.0
40 silly packumentCache full:https://registry.npmjs.org/sass cache-miss
41 http fetch GET 200 https://registry.npmjs.org/sass 55ms (cache miss)
42 silly packumentCache full:https://registry.npmjs.org/sass set size:undefined disposed:false
43 silly fetch manifest framer-motion@*
44 silly packumentCache full:https://registry.npmjs.org/framer-motion cache-miss
45 http fetch GET 200 https://registry.npmjs.org/framer-motion 123ms (cache miss)
46 silly packumentCache full:https://registry.npmjs.org/framer-motion set size:undefined disposed:false
47 silly fetch manifest @emotion/is-prop-valid@*
48 silly packumentCache full:https://registry.npmjs.org/@emotion%2fis-prop-valid cache-miss
49 http fetch GET 200 https://registry.npmjs.org/@emotion%2fis-prop-valid 618ms (cache miss)
50 silly packumentCache full:https://registry.npmjs.org/@emotion%2fis-prop-valid set size:undefined disposed:false
51 silly fetch manifest lucide-react@*
52 silly packumentCache full:https://registry.npmjs.org/lucide-react cache-miss
53 http fetch GET 200 https://registry.npmjs.org/lucide-react 78ms (cache miss)
54 silly packumentCache full:https://registry.npmjs.org/lucide-react set size:undefined disposed:false
55 silly fetch manifest @tailwindcss/postcss@^4
56 silly packumentCache full:https://registry.npmjs.org/@tailwindcss%2fpostcss cache-miss
57 http fetch GET 200 https://registry.npmjs.org/@tailwindcss%2fpostcss 78ms (cache miss)
58 silly packumentCache full:https://registry.npmjs.org/@tailwindcss%2fpostcss set size:undefined disposed:false
59 silly fetch manifest @types/node@^20
60 silly packumentCache full:https://registry.npmjs.org/@types%2fnode cache-miss
61 http fetch GET 200 https://registry.npmjs.org/@types%2fnode 185ms (cache miss)
62 silly packumentCache full:https://registry.npmjs.org/@types%2fnode set size:undefined disposed:false
63 silly fetch manifest @types/react@^19
64 silly packumentCache full:https://registry.npmjs.org/@types%2freact cache-miss
65 http fetch GET 200 https://registry.npmjs.org/@types%2freact 68ms (cache miss)
66 silly packumentCache full:https://registry.npmjs.org/@types%2freact set size:undefined disposed:false
67 silly fetch manifest @types/react-dom@^19
68 silly packumentCache full:https://registry.npmjs.org/@types%2freact-dom cache-miss
69 http fetch GET 200 https://registry.npmjs.org/@types%2freact-dom 68ms (cache miss)
70 silly packumentCache full:https://registry.npmjs.org/@types%2freact-dom set size:undefined disposed:false
71 silly fetch manifest eslint@^9
72 silly packumentCache full:https://registry.npmjs.org/eslint cache-miss
73 http fetch GET 200 https://registry.npmjs.org/eslint 71ms (cache miss)
74 silly packumentCache full:https://registry.npmjs.org/eslint set size:undefined disposed:false
75 silly fetch manifest jiti@*
76 silly packumentCache full:https://registry.npmjs.org/jiti cache-miss
77 http fetch GET 200 https://registry.npmjs.org/jiti 61ms (cache miss)
78 silly packumentCache full:https://registry.npmjs.org/jiti set size:undefined disposed:false
79 silly fetch manifest eslint-config-next@16.2.1
80 silly packumentCache full:https://registry.npmjs.org/eslint-config-next cache-miss
81 http fetch GET 200 https://registry.npmjs.org/eslint-config-next 100ms (cache miss)
82 silly packumentCache full:https://registry.npmjs.org/eslint-config-next set size:undefined disposed:false
83 silly fetch manifest typescript@^5
84 silly packumentCache full:https://registry.npmjs.org/typescript cache-miss
85 http fetch GET 200 https://registry.npmjs.org/typescript 201ms (cache miss)
86 silly packumentCache full:https://registry.npmjs.org/typescript set size:undefined disposed:false
87 silly fetch manifest tailwindcss@^4
88 silly packumentCache full:https://registry.npmjs.org/tailwindcss cache-miss
89 http fetch GET 200 https://registry.npmjs.org/tailwindcss 128ms (cache miss)
90 silly packumentCache full:https://registry.npmjs.org/tailwindcss set size:undefined disposed:false
91 silly placeDep ROOT @tailwindcss/postcss@4.2.2 OK for: template_website_dental_minimalist_teal@0.1.0 want: ^4
92 silly placeDep ROOT @types/node@20.19.37 OK for: template_website_dental_minimalist_teal@0.1.0 want: ^20
93 silly placeDep ROOT @types/react@19.2.14 OK for: template_website_dental_minimalist_teal@0.1.0 want: ^19
94 silly placeDep ROOT @types/react-dom@19.2.3 OK for: template_website_dental_minimalist_teal@0.1.0 want: ^19
95 silly placeDep ROOT eslint@9.39.4 OK for: template_website_dental_minimalist_teal@0.1.0 want: ^9
96 silly placeDep ROOT eslint-config-next@16.2.1 OK for: template_website_dental_minimalist_teal@0.1.0 want: 16.2.1
97 silly placeDep ROOT framer-motion@12.38.0 OK for: template_website_dental_minimalist_teal@0.1.0 want: *
98 silly placeDep ROOT lucide-react@0.577.0 OK for: template_website_dental_minimalist_teal@0.1.0 want: *
99 silly placeDep ROOT react@19.2.4 OK for: lucide-react@0.577.0 want: ^16.5.1 || ^17.0.0 || ^18.0.0 || ^19.0.0
100 silly placeDep ROOT next@16.2.1 OK for: template_website_dental_minimalist_teal@0.1.0 want: 16.2.1
101 silly placeDep ROOT react-dom@19.2.4 OK for: next@16.2.1 want: ^18.2.0 || 19.0.0-rc-de68d2f4-20241204 || ^19.0.0
102 silly placeDep ROOT tailwindcss@4.2.2 OK for: template_website_dental_minimalist_teal@0.1.0 want: ^4
103 silly placeDep ROOT typescript@5.9.3 OK for: template_website_dental_minimalist_teal@0.1.0 want: ^5
104 silly fetch manifest postcss@^8.5.6
105 silly packumentCache full:https://registry.npmjs.org/postcss cache-miss
106 silly fetch manifest tailwindcss@4.2.2
107 silly packumentCache full:https://registry.npmjs.org/tailwindcss cache-miss
108 silly fetch manifest @alloc/quick-lru@^5.2.0
109 silly packumentCache full:https://registry.npmjs.org/@alloc%2fquick-lru cache-miss
110 silly fetch manifest @tailwindcss/node@4.2.2
111 silly packumentCache full:https://registry.npmjs.org/@tailwindcss%2fnode cache-miss
112 silly fetch manifest @tailwindcss/oxide@4.2.2
113 silly packumentCache full:https://registry.npmjs.org/@tailwindcss%2foxide cache-miss
114 silly fetch manifest undici-types@~6.21.0
115 silly packumentCache full:https://registry.npmjs.org/undici-types cache-miss
116 silly fetch manifest csstype@^3.2.2
117 silly packumentCache full:https://registry.npmjs.org/csstype cache-miss
118 http cache https://registry.npmjs.org/tailwindcss 25ms (cache hit)
119 silly packumentCache full:https://registry.npmjs.org/tailwindcss set size:10288447 disposed:false
120 silly fetch manifest ajv@^6.14.0
121 silly packumentCache full:https://registry.npmjs.org/ajv cache-miss
122 http fetch GET 200 https://registry.npmjs.org/@alloc%2fquick-lru 62ms (cache miss)
123 silly packumentCache full:https://registry.npmjs.org/@alloc%2fquick-lru set size:undefined disposed:false
124 silly fetch manifest chalk@^4.0.0
125 silly packumentCache full:https://registry.npmjs.org/chalk cache-miss
126 http fetch GET 200 https://registry.npmjs.org/postcss 66ms (cache miss)
127 silly packumentCache full:https://registry.npmjs.org/postcss set size:undefined disposed:false
128 silly fetch manifest debug@^4.3.2
129 silly packumentCache full:https://registry.npmjs.org/debug cache-miss
130 http fetch GET 200 https://registry.npmjs.org/debug 43ms (cache miss)
131 silly packumentCache full:https://registry.npmjs.org/debug set size:undefined disposed:false
132 silly fetch manifest espree@^10.4.0
133 silly packumentCache full:https://registry.npmjs.org/espree cache-miss
134 http fetch GET 200 https://registry.npmjs.org/chalk 51ms (cache miss)
135 silly packumentCache full:https://registry.npmjs.org/chalk set size:undefined disposed:false
136 silly fetch manifest ignore@^5.2.0
137 silly packumentCache full:https://registry.npmjs.org/ignore cache-miss
138 http fetch GET 200 https://registry.npmjs.org/csstype 148ms (cache miss)
139 silly packumentCache full:https://registry.npmjs.org/csstype set size:undefined disposed:false
140 silly fetch manifest esquery@^1.5.0
141 silly packumentCache full:https://registry.npmjs.org/esquery cache-miss
142 http fetch GET 200 https://registry.npmjs.org/espree 43ms (cache miss)
143 silly packumentCache full:https://registry.npmjs.org/espree set size:undefined disposed:false
144 silly fetch manifest esutils@^2.0.2
145 silly packumentCache full:https://registry.npmjs.org/esutils cache-miss
146 http fetch GET 200 https://registry.npmjs.org/undici-types 166ms (cache miss)
147 silly packumentCache full:https://registry.npmjs.org/undici-types set size:undefined disposed:false
148 silly fetch manifest find-up@^5.0.0
149 silly packumentCache full:https://registry.npmjs.org/find-up cache-miss
150 http fetch GET 200 https://registry.npmjs.org/ignore 55ms (cache miss)
151 silly packumentCache full:https://registry.npmjs.org/ignore set size:undefined disposed:false
152 silly fetch manifest is-glob@^4.0.0
153 silly packumentCache full:https://registry.npmjs.org/is-glob cache-miss
154 http fetch GET 200 https://registry.npmjs.org/ajv 140ms (cache miss)
155 silly packumentCache full:https://registry.npmjs.org/ajv set size:undefined disposed:false
156 silly fetch manifest minimatch@^3.1.5
157 silly packumentCache full:https://registry.npmjs.org/minimatch cache-miss
158 http fetch GET 200 https://registry.npmjs.org/esquery 51ms (cache miss)
159 silly packumentCache full:https://registry.npmjs.org/esquery set size:undefined disposed:false
160 silly fetch manifest @eslint/js@9.39.4
161 silly packumentCache full:https://registry.npmjs.org/@eslint%2fjs cache-miss
162 http fetch GET 200 https://registry.npmjs.org/esutils 46ms (cache miss)
163 silly packumentCache full:https://registry.npmjs.org/esutils set size:undefined disposed:false
164 silly fetch manifest optionator@^0.9.3
165 silly packumentCache full:https://registry.npmjs.org/optionator cache-miss
166 http fetch GET 200 https://registry.npmjs.org/@tailwindcss%2fnode 220ms (cache miss)
167 silly packumentCache full:https://registry.npmjs.org/@tailwindcss%2fnode set size:undefined disposed:false
168 silly fetch manifest cross-spawn@^7.0.6
169 silly packumentCache full:https://registry.npmjs.org/cross-spawn cache-miss
170 http fetch GET 200 https://registry.npmjs.org/is-glob 60ms (cache miss)
171 silly packumentCache full:https://registry.npmjs.org/is-glob set size:undefined disposed:false
172 silly fetch manifest glob-parent@^6.0.2
173 silly packumentCache full:https://registry.npmjs.org/glob-parent cache-miss
174 http fetch GET 200 https://registry.npmjs.org/@tailwindcss%2foxide 243ms (cache miss)
175 silly packumentCache full:https://registry.npmjs.org/@tailwindcss%2foxide set size:undefined disposed:false
176 silly fetch manifest imurmurhash@^0.1.4
177 silly packumentCache full:https://registry.npmjs.org/imurmurhash cache-miss
178 http fetch GET 200 https://registry.npmjs.org/minimatch 62ms (cache miss)
179 silly packumentCache full:https://registry.npmjs.org/minimatch set size:undefined disposed:false
180 silly fetch manifest @eslint/core@^0.17.0
181 silly packumentCache full:https://registry.npmjs.org/@eslint%2fcore cache-miss
182 http fetch GET 200 https://registry.npmjs.org/@eslint%2fjs 63ms (cache miss)
183 silly packumentCache full:https://registry.npmjs.org/@eslint%2fjs set size:undefined disposed:false
184 silly fetch manifest eslint-scope@^8.4.0
185 silly packumentCache full:https://registry.npmjs.org/eslint-scope cache-miss
186 http fetch GET 200 https://registry.npmjs.org/optionator 64ms (cache miss)
187 silly packumentCache full:https://registry.npmjs.org/optionator set size:undefined disposed:false
188 silly fetch manifest lodash.merge@^4.6.2
189 silly packumentCache full:https://registry.npmjs.org/lodash.merge cache-miss
190 http fetch GET 200 https://registry.npmjs.org/cross-spawn 45ms (cache miss)
191 silly packumentCache full:https://registry.npmjs.org/cross-spawn set size:undefined disposed:false
192 silly fetch manifest @humanfs/node@^0.16.6
193 silly packumentCache full:https://registry.npmjs.org/@humanfs%2fnode cache-miss
194 http fetch GET 200 https://registry.npmjs.org/glob-parent 48ms (cache miss)
195 silly packumentCache full:https://registry.npmjs.org/glob-parent set size:undefined disposed:false
196 silly fetch manifest @types/estree@^1.0.6
197 silly packumentCache full:https://registry.npmjs.org/@types%2festree cache-miss
198 http fetch GET 200 https://registry.npmjs.org/imurmurhash 47ms (cache miss)
199 silly packumentCache full:https://registry.npmjs.org/imurmurhash set size:undefined disposed:false
200 silly fetch manifest fast-deep-equal@^3.1.3
201 silly packumentCache full:https://registry.npmjs.org/fast-deep-equal cache-miss
202 http fetch GET 200 https://registry.npmjs.org/lodash.merge 42ms (cache miss)
203 silly packumentCache full:https://registry.npmjs.org/lodash.merge set size:undefined disposed:false
204 silly fetch manifest natural-compare@^1.4.0
205 silly packumentCache full:https://registry.npmjs.org/natural-compare cache-miss
206 http fetch GET 200 https://registry.npmjs.org/@eslint%2fcore 54ms (cache miss)
207 silly packumentCache full:https://registry.npmjs.org/@eslint%2fcore set size:undefined disposed:false
208 silly fetch manifest @eslint/eslintrc@^3.3.5
209 silly packumentCache full:https://registry.npmjs.org/@eslint%2feslintrc cache-miss
210 http fetch GET 200 https://registry.npmjs.org/eslint-scope 55ms (cache miss)
211 silly packumentCache full:https://registry.npmjs.org/eslint-scope set size:undefined disposed:false
212 silly fetch manifest file-entry-cache@^8.0.0
213 silly packumentCache full:https://registry.npmjs.org/file-entry-cache cache-miss
214 http fetch GET 200 https://registry.npmjs.org/@humanfs%2fnode 53ms (cache miss)
215 silly packumentCache full:https://registry.npmjs.org/@humanfs%2fnode set size:undefined disposed:false
216 silly fetch manifest @eslint/plugin-kit@^0.4.1
217 silly packumentCache full:https://registry.npmjs.org/@eslint%2fplugin-kit cache-miss
218 http fetch GET 200 https://registry.npmjs.org/fast-deep-equal 48ms (cache miss)
219 silly packumentCache full:https://registry.npmjs.org/fast-deep-equal set size:undefined disposed:false
220 silly fetch manifest eslint-visitor-keys@^4.2.1
221 silly packumentCache full:https://registry.npmjs.org/eslint-visitor-keys cache-miss
222 http fetch GET 200 https://registry.npmjs.org/@types%2festree 65ms (cache miss)
223 silly packumentCache full:https://registry.npmjs.org/@types%2festree set size:undefined disposed:false
224 silly fetch manifest @eslint/config-array@^0.21.2
225 silly packumentCache full:https://registry.npmjs.org/@eslint%2fconfig-array cache-miss
226 http fetch GET 200 https://registry.npmjs.org/natural-compare 49ms (cache miss)
227 silly packumentCache full:https://registry.npmjs.org/natural-compare set size:undefined disposed:false
228 silly fetch manifest @humanwhocodes/retry@^0.4.2
229 silly packumentCache full:https://registry.npmjs.org/@humanwhocodes%2fretry cache-miss
230 http fetch GET 200 https://registry.npmjs.org/file-entry-cache 51ms (cache miss)
231 silly packumentCache full:https://registry.npmjs.org/file-entry-cache set size:undefined disposed:false
232 silly fetch manifest escape-string-regexp@^4.0.0
233 silly packumentCache full:https://registry.npmjs.org/escape-string-regexp cache-miss
234 http fetch GET 200 https://registry.npmjs.org/find-up 206ms (cache miss)
235 silly packumentCache full:https://registry.npmjs.org/find-up set size:undefined disposed:false
236 silly fetch manifest @eslint/config-helpers@^0.4.2
237 silly packumentCache full:https://registry.npmjs.org/@eslint%2fconfig-helpers cache-miss
238 http fetch GET 200 https://registry.npmjs.org/@eslint%2feslintrc 57ms (cache miss)
239 silly packumentCache full:https://registry.npmjs.org/@eslint%2feslintrc set size:undefined disposed:false
240 silly fetch manifest @eslint-community/regexpp@^4.12.1
241 silly packumentCache full:https://registry.npmjs.org/@eslint-community%2fregexpp cache-miss
242 http fetch GET 200 https://registry.npmjs.org/@eslint%2fplugin-kit 55ms (cache miss)
243 silly packumentCache full:https://registry.npmjs.org/@eslint%2fplugin-kit set size:undefined disposed:false
244 silly fetch manifest @eslint-community/eslint-utils@^4.8.0
245 silly packumentCache full:https://registry.npmjs.org/@eslint-community%2feslint-utils cache-miss
246 http fetch GET 200 https://registry.npmjs.org/eslint-visitor-keys 49ms (cache miss)
247 silly packumentCache full:https://registry.npmjs.org/eslint-visitor-keys set size:undefined disposed:false
248 silly fetch manifest @humanwhocodes/module-importer@^1.0.1
249 silly packumentCache full:https://registry.npmjs.org/@humanwhocodes%2fmodule-importer cache-miss
250 http fetch GET 200 https://registry.npmjs.org/@eslint%2fconfig-array 65ms (cache miss)
251 silly packumentCache full:https://registry.npmjs.org/@eslint%2fconfig-array set size:undefined disposed:false
252 silly fetch manifest json-stable-stringify-without-jsonify@^1.0.1
253 silly packumentCache full:https://registry.npmjs.org/json-stable-stringify-without-jsonify cache-miss
254 http fetch GET 200 https://registry.npmjs.org/escape-string-regexp 43ms (cache miss)
255 silly packumentCache full:https://registry.npmjs.org/escape-string-regexp set size:undefined disposed:false
256 silly fetch manifest globals@16.4.0
257 silly packumentCache full:https://registry.npmjs.org/globals cache-miss
258 http fetch GET 200 https://registry.npmjs.org/@humanwhocodes%2fretry 57ms (cache miss)
259 silly packumentCache full:https://registry.npmjs.org/@humanwhocodes%2fretry set size:undefined disposed:false
260 silly fetch manifest typescript-eslint@^8.46.0
261 silly packumentCache full:https://registry.npmjs.org/typescript-eslint cache-miss
262 http fetch GET 200 https://registry.npmjs.org/@eslint-community%2fregexpp 51ms (cache miss)
263 silly packumentCache full:https://registry.npmjs.org/@eslint-community%2fregexpp set size:undefined disposed:false
264 silly fetch manifest eslint-plugin-react@^7.37.0
265 silly packumentCache full:https://registry.npmjs.org/eslint-plugin-react cache-miss
266 http fetch GET 200 https://registry.npmjs.org/@eslint-community%2feslint-utils 60ms (cache miss)
267 silly packumentCache full:https://registry.npmjs.org/@eslint-community%2feslint-utils set size:undefined disposed:false
268 silly fetch manifest eslint-plugin-import@^2.32.0
269 silly packumentCache full:https://registry.npmjs.org/eslint-plugin-import cache-miss
270 http fetch GET 200 https://registry.npmjs.org/json-stable-stringify-without-jsonify 51ms (cache miss)
271 silly packumentCache full:https://registry.npmjs.org/json-stable-stringify-without-jsonify set size:undefined disposed:false
272 silly fetch manifest eslint-plugin-jsx-a11y@^6.10.0
273 silly packumentCache full:https://registry.npmjs.org/eslint-plugin-jsx-a11y cache-miss
274 http fetch GET 200 https://registry.npmjs.org/globals 56ms (cache miss)
275 silly packumentCache full:https://registry.npmjs.org/globals set size:undefined disposed:false
276 silly fetch manifest @next/eslint-plugin-next@16.2.1
277 silly packumentCache full:https://registry.npmjs.org/@next%2feslint-plugin-next cache-miss
278 http fetch GET 200 https://registry.npmjs.org/eslint-plugin-react 54ms (cache miss)
279 silly packumentCache full:https://registry.npmjs.org/eslint-plugin-react set size:undefined disposed:false
280 silly fetch manifest eslint-plugin-react-hooks@^7.0.0
281 silly packumentCache full:https://registry.npmjs.org/eslint-plugin-react-hooks cache-miss
282 http fetch GET 200 https://registry.npmjs.org/typescript-eslint 69ms (cache miss)
283 silly packumentCache full:https://registry.npmjs.org/typescript-eslint set size:undefined disposed:false
284 silly fetch manifest eslint-import-resolver-node@^0.3.6
285 silly packumentCache full:https://registry.npmjs.org/eslint-import-resolver-node cache-miss
286 http fetch GET 200 https://registry.npmjs.org/eslint-plugin-import 61ms (cache miss)
287 silly packumentCache full:https://registry.npmjs.org/eslint-plugin-import set size:undefined disposed:false
288 silly fetch manifest eslint-import-resolver-typescript@^3.5.2
289 silly packumentCache full:https://registry.npmjs.org/eslint-import-resolver-typescript cache-miss
290 http fetch GET 200 https://registry.npmjs.org/eslint-plugin-jsx-a11y 50ms (cache miss)
291 silly packumentCache full:https://registry.npmjs.org/eslint-plugin-jsx-a11y set size:undefined disposed:false
292 silly fetch manifest motion-dom@^12.38.0
293 silly packumentCache full:https://registry.npmjs.org/motion-dom cache-miss
294 http fetch GET 200 https://registry.npmjs.org/eslint-import-resolver-node 55ms (cache miss)
295 silly packumentCache full:https://registry.npmjs.org/eslint-import-resolver-node set size:undefined disposed:false
296 silly fetch manifest motion-utils@^12.36.0
297 silly packumentCache full:https://registry.npmjs.org/motion-utils cache-miss
298 http fetch GET 200 https://registry.npmjs.org/eslint-import-resolver-typescript 58ms (cache miss)
299 silly packumentCache full:https://registry.npmjs.org/eslint-import-resolver-typescript set size:undefined disposed:false
300 silly fetch manifest tslib@^2.4.0
301 silly packumentCache full:https://registry.npmjs.org/tslib cache-miss
302 http fetch GET 200 https://registry.npmjs.org/motion-dom 50ms (cache miss)
303 silly packumentCache full:https://registry.npmjs.org/motion-dom set size:undefined disposed:false
304 silly fetch manifest postcss@8.4.31
305 silly packumentCache full:https://registry.npmjs.org/postcss cache-miss
306 http cache https://registry.npmjs.org/postcss 10ms (cache hit)
307 silly packumentCache full:https://registry.npmjs.org/postcss set size:702266 disposed:false
308 silly fetch manifest @next/env@16.2.1
309 silly packumentCache full:https://registry.npmjs.org/@next%2fenv cache-miss
310 http fetch GET 200 https://registry.npmjs.org/@eslint%2fconfig-helpers 214ms (cache miss)
311 silly packumentCache full:https://registry.npmjs.org/@eslint%2fconfig-helpers set size:undefined disposed:false
312 silly fetch manifest styled-jsx@5.1.6
313 silly packumentCache full:https://registry.npmjs.org/styled-jsx cache-miss
314 http fetch GET 200 https://registry.npmjs.org/motion-utils 53ms (cache miss)
315 silly packumentCache full:https://registry.npmjs.org/motion-utils set size:undefined disposed:false
316 silly fetch manifest @swc/helpers@0.5.15
317 silly packumentCache full:https://registry.npmjs.org/@swc%2fhelpers cache-miss
318 http fetch GET 200 https://registry.npmjs.org/tslib 48ms (cache miss)
319 silly packumentCache full:https://registry.npmjs.org/tslib set size:undefined disposed:false
320 silly fetch manifest caniuse-lite@^1.0.30001579
321 silly packumentCache full:https://registry.npmjs.org/caniuse-lite cache-miss
322 http fetch GET 200 https://registry.npmjs.org/@humanwhocodes%2fmodule-importer 223ms (cache miss)
323 silly packumentCache full:https://registry.npmjs.org/@humanwhocodes%2fmodule-importer set size:undefined disposed:false
324 silly fetch manifest baseline-browser-mapping@^2.9.19
325 silly packumentCache full:https://registry.npmjs.org/baseline-browser-mapping cache-miss
326 http fetch GET 200 https://registry.npmjs.org/@next%2feslint-plugin-next 154ms (cache miss)
327 silly packumentCache full:https://registry.npmjs.org/@next%2feslint-plugin-next set size:undefined disposed:false
328 silly fetch manifest sharp@^0.34.5
329 silly packumentCache full:https://registry.npmjs.org/sharp cache-miss
330 http fetch GET 200 https://registry.npmjs.org/eslint-plugin-react-hooks 166ms (cache miss)
331 silly packumentCache full:https://registry.npmjs.org/eslint-plugin-react-hooks set size:undefined disposed:false
332 silly fetch manifest @next/swc-darwin-x64@16.2.1
333 silly packumentCache full:https://registry.npmjs.org/@next%2fswc-darwin-x64 cache-miss
334 http fetch GET 200 https://registry.npmjs.org/styled-jsx 95ms (cache miss)
335 silly packumentCache full:https://registry.npmjs.org/styled-jsx set size:undefined disposed:false
336 silly fetch manifest @next/swc-darwin-arm64@16.2.1
337 silly packumentCache full:https://registry.npmjs.org/@next%2fswc-darwin-arm64 cache-miss
338 http fetch GET 200 https://registry.npmjs.org/baseline-browser-mapping 66ms (cache miss)
339 silly packumentCache full:https://registry.npmjs.org/baseline-browser-mapping set size:undefined disposed:false
340 silly fetch manifest @next/swc-linux-x64-gnu@16.2.1
341 silly packumentCache full:https://registry.npmjs.org/@next%2fswc-linux-x64-gnu cache-miss
342 http fetch GET 200 https://registry.npmjs.org/@swc%2fhelpers 89ms (cache miss)
343 silly packumentCache full:https://registry.npmjs.org/@swc%2fhelpers set size:undefined disposed:false
344 silly fetch manifest @next/swc-linux-x64-musl@16.2.1
345 silly packumentCache full:https://registry.npmjs.org/@next%2fswc-linux-x64-musl cache-miss
346 http fetch GET 200 https://registry.npmjs.org/caniuse-lite 98ms (cache miss)
347 silly packumentCache full:https://registry.npmjs.org/caniuse-lite set size:undefined disposed:false
348 silly fetch manifest @next/swc-win32-x64-msvc@16.2.1
349 silly packumentCache full:https://registry.npmjs.org/@next%2fswc-win32-x64-msvc cache-miss
350 http fetch GET 200 https://registry.npmjs.org/@next%2fenv 147ms (cache miss)
351 silly packumentCache full:https://registry.npmjs.org/@next%2fenv set size:undefined disposed:false
352 silly fetch manifest @next/swc-linux-arm64-gnu@16.2.1
353 silly packumentCache full:https://registry.npmjs.org/@next%2fswc-linux-arm64-gnu cache-miss
354 http fetch GET 200 https://registry.npmjs.org/@next%2fswc-linux-x64-gnu 120ms (cache miss)
355 silly packumentCache full:https://registry.npmjs.org/@next%2fswc-linux-x64-gnu set size:undefined disposed:false
356 silly fetch manifest @next/swc-linux-arm64-musl@16.2.1
357 silly packumentCache full:https://registry.npmjs.org/@next%2fswc-linux-arm64-musl cache-miss
358 http fetch GET 200 https://registry.npmjs.org/@next%2fswc-darwin-x64 161ms (cache miss)
359 silly packumentCache full:https://registry.npmjs.org/@next%2fswc-darwin-x64 set size:undefined disposed:false
360 silly fetch manifest @next/swc-win32-arm64-msvc@16.2.1
361 silly packumentCache full:https://registry.npmjs.org/@next%2fswc-win32-arm64-msvc cache-miss
362 http fetch GET 200 https://registry.npmjs.org/@next%2fswc-linux-x64-musl 159ms (cache miss)
363 silly packumentCache full:https://registry.npmjs.org/@next%2fswc-linux-x64-musl set size:undefined disposed:false
364 silly fetch manifest scheduler@^0.27.0
365 silly packumentCache full:https://registry.npmjs.org/scheduler cache-miss
366 http fetch GET 200 https://registry.npmjs.org/sharp 231ms (cache miss)
367 silly packumentCache full:https://registry.npmjs.org/sharp set size:undefined disposed:false
368 http fetch GET 200 https://registry.npmjs.org/@next%2fswc-win32-x64-msvc 188ms (cache miss)
369 silly packumentCache full:https://registry.npmjs.org/@next%2fswc-win32-x64-msvc set size:undefined disposed:false
370 http fetch GET 200 https://registry.npmjs.org/@next%2fswc-darwin-arm64 247ms (cache miss)
371 silly packumentCache full:https://registry.npmjs.org/@next%2fswc-darwin-arm64 set size:undefined disposed:false
372 http fetch GET 200 https://registry.npmjs.org/@next%2fswc-linux-arm64-gnu 212ms (cache miss)
373 silly packumentCache full:https://registry.npmjs.org/@next%2fswc-linux-arm64-gnu set size:undefined disposed:false
374 http fetch GET 200 https://registry.npmjs.org/@next%2fswc-linux-arm64-musl 169ms (cache miss)
375 silly packumentCache full:https://registry.npmjs.org/@next%2fswc-linux-arm64-musl set size:undefined disposed:false
376 http fetch GET 200 https://registry.npmjs.org/@next%2fswc-win32-arm64-msvc 173ms (cache miss)
377 silly packumentCache full:https://registry.npmjs.org/@next%2fswc-win32-arm64-msvc set size:undefined disposed:false
378 http fetch GET 200 https://registry.npmjs.org/scheduler 157ms (cache miss)
379 silly packumentCache full:https://registry.npmjs.org/scheduler set size:undefined disposed:false
380 silly placeDep ROOT @alloc/quick-lru@5.2.0 OK for: @tailwindcss/postcss@4.2.2 want: ^5.2.0
381 silly placeDep ROOT @tailwindcss/node@4.2.2 OK for: @tailwindcss/postcss@4.2.2 want: 4.2.2
382 silly placeDep ROOT @tailwindcss/oxide@4.2.2 OK for: @tailwindcss/postcss@4.2.2 want: 4.2.2
383 silly placeDep ROOT postcss@8.5.8 OK for: @tailwindcss/postcss@4.2.2 want: ^8.5.6
384 silly fetch manifest jiti@^2.6.1
385 silly packumentCache full:https://registry.npmjs.org/jiti cache-miss
386 silly fetch manifest lightningcss@1.32.0
387 silly packumentCache full:https://registry.npmjs.org/lightningcss cache-miss
388 silly fetch manifest magic-string@^0.30.21
389 silly packumentCache full:https://registry.npmjs.org/magic-string cache-miss
390 silly fetch manifest source-map-js@^1.2.1
391 silly packumentCache full:https://registry.npmjs.org/source-map-js cache-miss
392 silly fetch manifest enhanced-resolve@^5.19.0
393 silly packumentCache full:https://registry.npmjs.org/enhanced-resolve cache-miss
394 silly fetch manifest @jridgewell/remapping@^2.3.5
395 silly packumentCache full:https://registry.npmjs.org/@jridgewell%2fremapping cache-miss
396 silly fetch manifest @tailwindcss/oxide-darwin-x64@4.2.2
397 silly packumentCache full:https://registry.npmjs.org/@tailwindcss%2foxide-darwin-x64 cache-miss
398 http cache https://registry.npmjs.org/jiti 7ms (cache hit)
399 silly packumentCache full:https://registry.npmjs.org/jiti set size:382310 disposed:false
400 silly fetch manifest @tailwindcss/oxide-freebsd-x64@4.2.2
401 silly packumentCache full:https://registry.npmjs.org/@tailwindcss%2foxide-freebsd-x64 cache-miss
402 http fetch GET 200 https://registry.npmjs.org/@jridgewell%2fremapping 63ms (cache miss)
403 silly packumentCache full:https://registry.npmjs.org/@jridgewell%2fremapping set size:undefined disposed:false
404 silly fetch manifest @tailwindcss/oxide-wasm32-wasi@4.2.2
405 silly packumentCache full:https://registry.npmjs.org/@tailwindcss%2foxide-wasm32-wasi cache-miss
406 http fetch GET 200 https://registry.npmjs.org/source-map-js 63ms (cache miss)
407 silly packumentCache full:https://registry.npmjs.org/source-map-js set size:undefined disposed:false
408 silly fetch manifest @tailwindcss/oxide-darwin-arm64@4.2.2
409 silly packumentCache full:https://registry.npmjs.org/@tailwindcss%2foxide-darwin-arm64 cache-miss
410 http fetch GET 200 https://registry.npmjs.org/lightningcss 65ms (cache miss)
411 silly packumentCache full:https://registry.npmjs.org/lightningcss set size:undefined disposed:false
412 silly fetch manifest @tailwindcss/oxide-android-arm64@4.2.2
413 silly packumentCache full:https://registry.npmjs.org/@tailwindcss%2foxide-android-arm64 cache-miss
414 http fetch GET 200 https://registry.npmjs.org/enhanced-resolve 68ms (cache miss)
415 silly packumentCache full:https://registry.npmjs.org/enhanced-resolve set size:undefined disposed:false
416 silly fetch manifest @tailwindcss/oxide-linux-x64-gnu@4.2.2
417 silly packumentCache full:https://registry.npmjs.org/@tailwindcss%2foxide-linux-x64-gnu cache-miss
418 http fetch GET 200 https://registry.npmjs.org/@tailwindcss%2foxide-darwin-x64 97ms (cache miss)
419 silly packumentCache full:https://registry.npmjs.org/@tailwindcss%2foxide-darwin-x64 set size:undefined disposed:false
420 silly fetch manifest @tailwindcss/oxide-linux-x64-musl@4.2.2
421 silly packumentCache full:https://registry.npmjs.org/@tailwindcss%2foxide-linux-x64-musl cache-miss
422 http fetch GET 200 https://registry.npmjs.org/@tailwindcss%2foxide-freebsd-x64 128ms (cache miss)
423 silly packumentCache full:https://registry.npmjs.org/@tailwindcss%2foxide-freebsd-x64 set size:undefined disposed:false
424 silly fetch manifest @tailwindcss/oxide-win32-x64-msvc@4.2.2
425 silly packumentCache full:https://registry.npmjs.org/@tailwindcss%2foxide-win32-x64-msvc cache-miss
426 http fetch GET 200 https://registry.npmjs.org/@tailwindcss%2foxide-wasm32-wasi 85ms (cache miss)
427 silly packumentCache full:https://registry.npmjs.org/@tailwindcss%2foxide-wasm32-wasi set size:undefined disposed:false
428 silly fetch manifest @tailwindcss/oxide-linux-arm64-gnu@4.2.2
429 silly packumentCache full:https://registry.npmjs.org/@tailwindcss%2foxide-linux-arm64-gnu cache-miss
430 http fetch GET 200 https://registry.npmjs.org/@tailwindcss%2foxide-android-arm64 94ms (cache miss)
431 silly packumentCache full:https://registry.npmjs.org/@tailwindcss%2foxide-android-arm64 set size:undefined disposed:false
432 silly fetch manifest @tailwindcss/oxide-linux-arm64-musl@4.2.2
433 silly packumentCache full:https://registry.npmjs.org/@tailwindcss%2foxide-linux-arm64-musl cache-miss
434 http fetch GET 200 https://registry.npmjs.org/@tailwindcss%2foxide-darwin-arm64 102ms (cache miss)
435 silly packumentCache full:https://registry.npmjs.org/@tailwindcss%2foxide-darwin-arm64 set size:undefined disposed:false
436 silly fetch manifest @tailwindcss/oxide-win32-arm64-msvc@4.2.2
437 silly packumentCache full:https://registry.npmjs.org/@tailwindcss%2foxide-win32-arm64-msvc cache-miss
438 http fetch GET 200 https://registry.npmjs.org/@tailwindcss%2foxide-linux-x64-gnu 110ms (cache miss)
439 silly packumentCache full:https://registry.npmjs.org/@tailwindcss%2foxide-linux-x64-gnu set size:undefined disposed:false
440 silly fetch manifest @tailwindcss/oxide-linux-arm-gnueabihf@4.2.2
441 silly packumentCache full:https://registry.npmjs.org/@tailwindcss%2foxide-linux-arm-gnueabihf cache-miss
442 http fetch GET 200 https://registry.npmjs.org/@tailwindcss%2foxide-linux-x64-musl 93ms (cache miss)
443 silly packumentCache full:https://registry.npmjs.org/@tailwindcss%2foxide-linux-x64-musl set size:undefined disposed:false
444 silly fetch manifest nanoid@^3.3.11
445 silly packumentCache full:https://registry.npmjs.org/nanoid cache-miss
446 http fetch GET 200 https://registry.npmjs.org/magic-string 209ms (cache miss)
447 silly packumentCache full:https://registry.npmjs.org/magic-string set size:undefined disposed:false
448 silly fetch manifest picocolors@^1.1.1
449 silly packumentCache full:https://registry.npmjs.org/picocolors cache-miss
450 http fetch GET 200 https://registry.npmjs.org/@tailwindcss%2foxide-win32-arm64-msvc 84ms (cache miss)
451 silly packumentCache full:https://registry.npmjs.org/@tailwindcss%2foxide-win32-arm64-msvc set size:undefined disposed:false
452 http fetch GET 200 https://registry.npmjs.org/@tailwindcss%2foxide-linux-arm64-gnu 114ms (cache miss)
453 silly packumentCache full:https://registry.npmjs.org/@tailwindcss%2foxide-linux-arm64-gnu set size:undefined disposed:false
454 http fetch GET 200 https://registry.npmjs.org/picocolors 69ms (cache miss)
455 silly packumentCache full:https://registry.npmjs.org/picocolors set size:undefined disposed:false
456 http fetch GET 200 https://registry.npmjs.org/nanoid 75ms (cache miss)
457 silly packumentCache full:https://registry.npmjs.org/nanoid set size:undefined disposed:false
458 http fetch GET 200 https://registry.npmjs.org/@tailwindcss%2foxide-win32-x64-msvc 137ms (cache miss)
459 silly packumentCache full:https://registry.npmjs.org/@tailwindcss%2foxide-win32-x64-msvc set size:undefined disposed:false
460 http fetch GET 200 https://registry.npmjs.org/@tailwindcss%2foxide-linux-arm64-musl 128ms (cache miss)
461 silly packumentCache full:https://registry.npmjs.org/@tailwindcss%2foxide-linux-arm64-musl set size:undefined disposed:false
462 http fetch GET 200 https://registry.npmjs.org/@tailwindcss%2foxide-linux-arm-gnueabihf 121ms (cache miss)
463 silly packumentCache full:https://registry.npmjs.org/@tailwindcss%2foxide-linux-arm-gnueabihf set size:undefined disposed:false
464 silly placeDep ROOT @jridgewell/remapping@2.3.5 OK for: @tailwindcss/node@4.2.2 want: ^2.3.5
465 silly placeDep ROOT enhanced-resolve@5.20.1 OK for: @tailwindcss/node@4.2.2 want: ^5.19.0
466 silly placeDep ROOT jiti@2.6.1 OK for: @tailwindcss/node@4.2.2 want: ^2.6.1
467 silly placeDep ROOT lightningcss@1.32.0 OK for: @tailwindcss/node@4.2.2 want: 1.32.0
468 silly placeDep ROOT magic-string@0.30.21 OK for: @tailwindcss/node@4.2.2 want: ^0.30.21
469 silly placeDep ROOT source-map-js@1.2.1 OK for: @tailwindcss/node@4.2.2 want: ^1.2.1
470 silly fetch manifest @jridgewell/gen-mapping@^0.3.5
471 silly packumentCache full:https://registry.npmjs.org/@jridgewell%2fgen-mapping cache-miss
472 silly fetch manifest @jridgewell/trace-mapping@^0.3.24
473 silly packumentCache full:https://registry.npmjs.org/@jridgewell%2ftrace-mapping cache-miss
474 silly fetch manifest graceful-fs@^4.2.4
475 silly packumentCache full:https://registry.npmjs.org/graceful-fs cache-miss
476 silly fetch manifest tapable@^2.3.0
477 silly packumentCache full:https://registry.npmjs.org/tapable cache-miss
478 silly fetch manifest detect-libc@^2.0.3
479 silly packumentCache full:https://registry.npmjs.org/detect-libc cache-miss
480 silly fetch manifest lightningcss-darwin-x64@1.32.0
481 silly packumentCache full:https://registry.npmjs.org/lightningcss-darwin-x64 cache-miss
482 silly fetch manifest lightningcss-linux-x64-gnu@1.32.0
483 silly packumentCache full:https://registry.npmjs.org/lightningcss-linux-x64-gnu cache-miss
484 http fetch GET 200 https://registry.npmjs.org/tapable 48ms (cache miss)
485 silly packumentCache full:https://registry.npmjs.org/tapable set size:undefined disposed:false
486 silly fetch manifest lightningcss-win32-x64-msvc@1.32.0
487 silly packumentCache full:https://registry.npmjs.org/lightningcss-win32-x64-msvc cache-miss
488 http fetch GET 200 https://registry.npmjs.org/lightningcss-darwin-x64 51ms (cache miss)
489 silly packumentCache full:https://registry.npmjs.org/lightningcss-darwin-x64 set size:undefined disposed:false
490 silly fetch manifest lightningcss-win32-arm64-msvc@1.32.0
491 silly packumentCache full:https://registry.npmjs.org/lightningcss-win32-arm64-msvc cache-miss
492 http fetch GET 200 https://registry.npmjs.org/graceful-fs 54ms (cache miss)
493 silly packumentCache full:https://registry.npmjs.org/graceful-fs set size:undefined disposed:false
494 silly fetch manifest lightningcss-darwin-arm64@1.32.0
495 silly packumentCache full:https://registry.npmjs.org/lightningcss-darwin-arm64 cache-miss
496 http fetch GET 200 https://registry.npmjs.org/detect-libc 55ms (cache miss)
497 silly packumentCache full:https://registry.npmjs.org/detect-libc set size:undefined disposed:false
498 silly fetch manifest lightningcss-linux-arm64-gnu@1.32.0
499 silly packumentCache full:https://registry.npmjs.org/lightningcss-linux-arm64-gnu cache-miss
500 http fetch GET 200 https://registry.npmjs.org/lightningcss-linux-x64-gnu 57ms (cache miss)
501 silly packumentCache full:https://registry.npmjs.org/lightningcss-linux-x64-gnu set size:undefined disposed:false
502 silly fetch manifest lightningcss-linux-arm-gnueabihf@1.32.0
503 silly packumentCache full:https://registry.npmjs.org/lightningcss-linux-arm-gnueabihf cache-miss
504 http fetch GET 200 https://registry.npmjs.org/@jridgewell%2ftrace-mapping 63ms (cache miss)
505 silly packumentCache full:https://registry.npmjs.org/@jridgewell%2ftrace-mapping set size:undefined disposed:false
506 silly fetch manifest lightningcss-linux-arm64-musl@1.32.0
507 silly packumentCache full:https://registry.npmjs.org/lightningcss-linux-arm64-musl cache-miss
508 http fetch GET 200 https://registry.npmjs.org/@jridgewell%2fgen-mapping 71ms (cache miss)
509 silly packumentCache full:https://registry.npmjs.org/@jridgewell%2fgen-mapping set size:undefined disposed:false
510 silly fetch manifest lightningcss-linux-x64-musl@1.32.0
511 silly packumentCache full:https://registry.npmjs.org/lightningcss-linux-x64-musl cache-miss
512 http fetch GET 200 https://registry.npmjs.org/lightningcss-win32-x64-msvc 44ms (cache miss)
513 silly packumentCache full:https://registry.npmjs.org/lightningcss-win32-x64-msvc set size:undefined disposed:false
514 silly fetch manifest lightningcss-freebsd-x64@1.32.0
515 silly packumentCache full:https://registry.npmjs.org/lightningcss-freebsd-x64 cache-miss
516 http fetch GET 200 https://registry.npmjs.org/lightningcss-win32-arm64-msvc 43ms (cache miss)
517 silly packumentCache full:https://registry.npmjs.org/lightningcss-win32-arm64-msvc set size:undefined disposed:false
518 silly fetch manifest lightningcss-android-arm64@1.32.0
519 silly packumentCache full:https://registry.npmjs.org/lightningcss-android-arm64 cache-miss
520 http fetch GET 200 https://registry.npmjs.org/lightningcss-darwin-arm64 42ms (cache miss)
521 silly packumentCache full:https://registry.npmjs.org/lightningcss-darwin-arm64 set size:undefined disposed:false
522 silly fetch manifest @jridgewell/sourcemap-codec@^1.5.5
523 silly packumentCache full:https://registry.npmjs.org/@jridgewell%2fsourcemap-codec cache-miss
524 http fetch GET 200 https://registry.npmjs.org/lightningcss-linux-arm64-gnu 53ms (cache miss)
525 silly packumentCache full:https://registry.npmjs.org/lightningcss-linux-arm64-gnu set size:undefined disposed:false
526 http fetch GET 200 https://registry.npmjs.org/lightningcss-linux-arm64-musl 47ms (cache miss)
527 silly packumentCache full:https://registry.npmjs.org/lightningcss-linux-arm64-musl set size:undefined disposed:false
528 http fetch GET 200 https://registry.npmjs.org/lightningcss-linux-arm-gnueabihf 55ms (cache miss)
529 silly packumentCache full:https://registry.npmjs.org/lightningcss-linux-arm-gnueabihf set size:undefined disposed:false
530 http fetch GET 200 https://registry.npmjs.org/lightningcss-linux-x64-musl 43ms (cache miss)
531 silly packumentCache full:https://registry.npmjs.org/lightningcss-linux-x64-musl set size:undefined disposed:false
532 http fetch GET 200 https://registry.npmjs.org/lightningcss-freebsd-x64 47ms (cache miss)
533 silly packumentCache full:https://registry.npmjs.org/lightningcss-freebsd-x64 set size:undefined disposed:false
534 http fetch GET 200 https://registry.npmjs.org/lightningcss-android-arm64 44ms (cache miss)
535 silly packumentCache full:https://registry.npmjs.org/lightningcss-android-arm64 set size:undefined disposed:false
536 http fetch GET 200 https://registry.npmjs.org/@jridgewell%2fsourcemap-codec 59ms (cache miss)
537 silly packumentCache full:https://registry.npmjs.org/@jridgewell%2fsourcemap-codec set size:undefined disposed:false
538 silly placeDep ROOT @jridgewell/gen-mapping@0.3.13 OK for: @jridgewell/remapping@2.3.5 want: ^0.3.5
539 silly placeDep ROOT @jridgewell/trace-mapping@0.3.31 OK for: @jridgewell/remapping@2.3.5 want: ^0.3.24
540 silly fetch manifest @jridgewell/sourcemap-codec@^1.5.0
541 silly packumentCache full:https://registry.npmjs.org/@jridgewell%2fsourcemap-codec cache-miss
542 silly fetch manifest @jridgewell/resolve-uri@^3.1.0
543 silly packumentCache full:https://registry.npmjs.org/@jridgewell%2fresolve-uri cache-miss
544 silly fetch manifest @jridgewell/sourcemap-codec@^1.4.14
545 silly packumentCache full:https://registry.npmjs.org/@jridgewell%2fsourcemap-codec cache-miss
546 http cache https://registry.npmjs.org/@jridgewell%2fsourcemap-codec 2ms (cache hit)
547 silly packumentCache full:https://registry.npmjs.org/@jridgewell%2fsourcemap-codec set size:59275 disposed:false
548 http cache https://registry.npmjs.org/@jridgewell%2fsourcemap-codec 3ms (cache hit)
549 silly packumentCache full:https://registry.npmjs.org/@jridgewell%2fsourcemap-codec set size:59275 disposed:false
550 silly packumentCache full:https://registry.npmjs.org/@jridgewell%2fsourcemap-codec dispose
551 http fetch GET 200 https://registry.npmjs.org/@jridgewell%2fresolve-uri 64ms (cache miss)
552 silly packumentCache full:https://registry.npmjs.org/@jridgewell%2fresolve-uri set size:undefined disposed:false
553 silly placeDep ROOT @jridgewell/sourcemap-codec@1.5.5 OK for: @jridgewell/gen-mapping@0.3.13 want: ^1.5.0
554 silly placeDep ROOT @jridgewell/resolve-uri@3.1.2 OK for: @jridgewell/trace-mapping@0.3.31 want: ^3.1.0
555 silly placeDep ROOT @tailwindcss/oxide-android-arm64@4.2.2 OK for: @tailwindcss/oxide@4.2.2 want: 4.2.2
556 silly placeDep ROOT @tailwindcss/oxide-darwin-arm64@4.2.2 OK for: @tailwindcss/oxide@4.2.2 want: 4.2.2
557 silly placeDep ROOT @tailwindcss/oxide-darwin-x64@4.2.2 OK for: @tailwindcss/oxide@4.2.2 want: 4.2.2
558 silly placeDep ROOT @tailwindcss/oxide-freebsd-x64@4.2.2 OK for: @tailwindcss/oxide@4.2.2 want: 4.2.2
559 silly placeDep ROOT @tailwindcss/oxide-linux-arm-gnueabihf@4.2.2 OK for: @tailwindcss/oxide@4.2.2 want: 4.2.2
560 silly placeDep ROOT @tailwindcss/oxide-linux-arm64-gnu@4.2.2 OK for: @tailwindcss/oxide@4.2.2 want: 4.2.2
561 silly placeDep ROOT @tailwindcss/oxide-linux-arm64-musl@4.2.2 OK for: @tailwindcss/oxide@4.2.2 want: 4.2.2
562 silly placeDep ROOT @tailwindcss/oxide-linux-x64-gnu@4.2.2 OK for: @tailwindcss/oxide@4.2.2 want: 4.2.2
563 silly placeDep ROOT @tailwindcss/oxide-linux-x64-musl@4.2.2 OK for: @tailwindcss/oxide@4.2.2 want: 4.2.2
564 silly placeDep ROOT @tailwindcss/oxide-wasm32-wasi@4.2.2 OK for: @tailwindcss/oxide@4.2.2 want: 4.2.2
565 silly placeDep ROOT @tailwindcss/oxide-win32-arm64-msvc@4.2.2 OK for: @tailwindcss/oxide@4.2.2 want: 4.2.2
566 silly placeDep ROOT @tailwindcss/oxide-win32-x64-msvc@4.2.2 OK for: @tailwindcss/oxide@4.2.2 want: 4.2.2
567 silly placeDep ROOT undici-types@6.21.0 OK for: @types/node@20.19.37 want: ~6.21.0
568 silly placeDep ROOT csstype@3.2.3 OK for: @types/react@19.2.14 want: ^3.2.2
569 silly placeDep ROOT graceful-fs@4.2.11 OK for: enhanced-resolve@5.20.1 want: ^4.2.4
570 silly placeDep ROOT tapable@2.3.0 OK for: enhanced-resolve@5.20.1 want: ^2.3.0
571 silly fetch manifest eslint@^6.0.0 || ^7.0.0 || >=8.0.0
572 silly packumentCache full:https://registry.npmjs.org/eslint cache-miss
573 http cache https://registry.npmjs.org/eslint 3ms (cache hit)
574 silly packumentCache full:https://registry.npmjs.org/eslint set size:1970137 disposed:false
575 silly placeDep ROOT @eslint-community/eslint-utils@4.9.1 OK for: eslint@9.39.4 want: ^4.8.0
576 silly placeDep ROOT @eslint-community/regexpp@4.12.2 OK for: eslint@9.39.4 want: ^4.12.1
577 silly placeDep ROOT @eslint/config-array@0.21.2 OK for: eslint@9.39.4 want: ^0.21.2
578 silly placeDep ROOT @eslint/config-helpers@0.4.2 OK for: eslint@9.39.4 want: ^0.4.2
579 silly placeDep ROOT @eslint/core@0.17.0 OK for: eslint@9.39.4 want: ^0.17.0
580 silly placeDep ROOT @eslint/eslintrc@3.3.5 OK for: eslint@9.39.4 want: ^3.3.5
581 silly placeDep ROOT @eslint/js@9.39.4 OK for: eslint@9.39.4 want: 9.39.4
582 silly placeDep ROOT @eslint/plugin-kit@0.4.1 OK for: eslint@9.39.4 want: ^0.4.1
583 silly placeDep ROOT @humanfs/node@0.16.7 OK for: eslint@9.39.4 want: ^0.16.6
584 silly placeDep ROOT @humanwhocodes/module-importer@1.0.1 OK for: eslint@9.39.4 want: ^1.0.1
585 silly placeDep ROOT @humanwhocodes/retry@0.4.3 OK for: eslint@9.39.4 want: ^0.4.2
586 silly placeDep ROOT @types/estree@1.0.8 OK for: eslint@9.39.4 want: ^1.0.6
587 silly placeDep ROOT ajv@6.14.0 OK for: eslint@9.39.4 want: ^6.14.0
588 silly placeDep ROOT chalk@4.1.2 OK for: eslint@9.39.4 want: ^4.0.0
589 silly placeDep ROOT cross-spawn@7.0.6 OK for: eslint@9.39.4 want: ^7.0.6
590 silly placeDep ROOT debug@4.4.3 OK for: eslint@9.39.4 want: ^4.3.2
591 silly placeDep ROOT escape-string-regexp@4.0.0 OK for: eslint@9.39.4 want: ^4.0.0
592 silly placeDep ROOT eslint-scope@8.4.0 OK for: eslint@9.39.4 want: ^8.4.0
593 silly placeDep ROOT eslint-visitor-keys@4.2.1 OK for: eslint@9.39.4 want: ^4.2.1
594 silly placeDep ROOT espree@10.4.0 OK for: eslint@9.39.4 want: ^10.4.0
595 silly placeDep ROOT esquery@1.7.0 OK for: eslint@9.39.4 want: ^1.5.0
596 silly placeDep ROOT esutils@2.0.3 OK for: eslint@9.39.4 want: ^2.0.2
597 silly placeDep ROOT fast-deep-equal@3.1.3 OK for: eslint@9.39.4 want: ^3.1.3
598 silly placeDep ROOT file-entry-cache@8.0.0 OK for: eslint@9.39.4 want: ^8.0.0
599 silly placeDep ROOT find-up@5.0.0 OK for: eslint@9.39.4 want: ^5.0.0
600 silly placeDep ROOT glob-parent@6.0.2 OK for: eslint@9.39.4 want: ^6.0.2
601 silly placeDep ROOT ignore@5.3.2 OK for: eslint@9.39.4 want: ^5.2.0
602 silly placeDep ROOT imurmurhash@0.1.4 OK for: eslint@9.39.4 want: ^0.1.4
603 silly placeDep ROOT is-glob@4.0.3 OK for: eslint@9.39.4 want: ^4.0.0
604 silly placeDep ROOT json-stable-stringify-without-jsonify@1.0.1 OK for: eslint@9.39.4 want: ^1.0.1
605 silly placeDep ROOT lodash.merge@4.6.2 OK for: eslint@9.39.4 want: ^4.6.2
606 silly placeDep ROOT minimatch@3.1.5 OK for: eslint@9.39.4 want: ^3.1.5
607 silly placeDep ROOT natural-compare@1.4.0 OK for: eslint@9.39.4 want: ^1.4.0
608 silly placeDep ROOT optionator@0.9.4 OK for: eslint@9.39.4 want: ^0.9.3
609 silly fetch manifest eslint-visitor-keys@^3.4.3
610 silly packumentCache full:https://registry.npmjs.org/eslint-visitor-keys cache-miss
611 silly fetch manifest debug@^4.3.1
612 silly packumentCache full:https://registry.npmjs.org/debug cache-miss
613 silly fetch manifest @eslint/object-schema@^2.1.7
614 silly packumentCache full:https://registry.npmjs.org/@eslint%2fobject-schema cache-miss
615 silly fetch manifest @types/json-schema@^7.0.15
616 silly packumentCache full:https://registry.npmjs.org/@types%2fjson-schema cache-miss
617 silly fetch manifest espree@^10.0.1
618 silly packumentCache full:https://registry.npmjs.org/espree cache-miss
619 silly fetch manifest globals@^14.0.0
620 silly packumentCache full:https://registry.npmjs.org/globals cache-miss
621 silly fetch manifest import-fresh@^3.2.1
622 silly packumentCache full:https://registry.npmjs.org/import-fresh cache-miss
623 http cache https://registry.npmjs.org/eslint-visitor-keys 8ms (cache hit)
624 silly packumentCache full:https://registry.npmjs.org/eslint-visitor-keys set size:69949 disposed:false
625 silly fetch manifest js-yaml@^4.1.1
626 silly packumentCache full:https://registry.npmjs.org/js-yaml cache-miss
627 http cache https://registry.npmjs.org/globals 8ms (cache hit)
628 silly packumentCache full:https://registry.npmjs.org/globals set size:308609 disposed:false
629 silly fetch manifest strip-json-comments@^3.1.1
630 silly packumentCache full:https://registry.npmjs.org/strip-json-comments cache-miss
631 http cache https://registry.npmjs.org/espree 11ms (cache hit)
632 silly packumentCache full:https://registry.npmjs.org/espree set size:326080 disposed:false
633 silly fetch manifest levn@^0.4.1
634 silly packumentCache full:https://registry.npmjs.org/levn cache-miss
635 http cache https://registry.npmjs.org/debug 14ms (cache hit)
636 silly packumentCache full:https://registry.npmjs.org/debug set size:195840 disposed:false
637 silly fetch manifest @humanwhocodes/retry@^0.4.0
638 silly packumentCache full:https://registry.npmjs.org/@humanwhocodes%2fretry cache-miss
639 http cache https://registry.npmjs.org/@humanwhocodes%2fretry 1ms (cache hit)
640 silly packumentCache full:https://registry.npmjs.org/@humanwhocodes%2fretry set size:42348 disposed:false
641 silly fetch manifest @humanfs/core@^0.19.1
642 silly packumentCache full:https://registry.npmjs.org/@humanfs%2fcore cache-miss
643 http fetch GET 200 https://registry.npmjs.org/@types%2fjson-schema 54ms (cache miss)
644 silly packumentCache full:https://registry.npmjs.org/@types%2fjson-schema set size:undefined disposed:false
645 silly fetch manifest fast-deep-equal@^3.1.1
646 silly packumentCache full:https://registry.npmjs.org/fast-deep-equal cache-miss
647 http fetch GET 200 https://registry.npmjs.org/import-fresh 58ms (cache miss)
648 silly packumentCache full:https://registry.npmjs.org/import-fresh set size:undefined disposed:false
649 silly fetch manifest fast-json-stable-stringify@^2.0.0
650 silly packumentCache full:https://registry.npmjs.org/fast-json-stable-stringify cache-miss
651 http fetch GET 200 https://registry.npmjs.org/strip-json-comments 52ms (cache miss)
652 silly packumentCache full:https://registry.npmjs.org/strip-json-comments set size:undefined disposed:false
653 silly fetch manifest json-schema-traverse@^0.4.1
654 silly packumentCache full:https://registry.npmjs.org/json-schema-traverse cache-miss
655 http cache https://registry.npmjs.org/fast-deep-equal 9ms (cache hit)
656 silly packumentCache full:https://registry.npmjs.org/fast-deep-equal set size:48634 disposed:false
657 silly fetch manifest uri-js@^4.2.2
658 silly packumentCache full:https://registry.npmjs.org/uri-js cache-miss
659 http fetch GET 200 https://registry.npmjs.org/@eslint%2fobject-schema 66ms (cache miss)
660 silly packumentCache full:https://registry.npmjs.org/@eslint%2fobject-schema set size:undefined disposed:false
661 silly fetch manifest ansi-styles@^4.1.0
662 silly packumentCache full:https://registry.npmjs.org/ansi-styles cache-miss
663 http fetch GET 200 https://registry.npmjs.org/js-yaml 58ms (cache miss)
664 silly packumentCache full:https://registry.npmjs.org/js-yaml set size:undefined disposed:false
665 silly fetch manifest supports-color@^7.1.0
666 silly packumentCache full:https://registry.npmjs.org/supports-color cache-miss
667 http fetch GET 200 https://registry.npmjs.org/levn 56ms (cache miss)
668 silly packumentCache full:https://registry.npmjs.org/levn set size:undefined disposed:false
669 silly fetch manifest which@^2.0.1
670 silly packumentCache full:https://registry.npmjs.org/which cache-miss
671 http fetch GET 200 https://registry.npmjs.org/@humanfs%2fcore 60ms (cache miss)
672 silly packumentCache full:https://registry.npmjs.org/@humanfs%2fcore set size:undefined disposed:false
673 silly fetch manifest path-key@^3.1.0
674 silly packumentCache full:https://registry.npmjs.org/path-key cache-miss
675 http fetch GET 200 https://registry.npmjs.org/fast-json-stable-stringify 45ms (cache miss)
676 silly packumentCache full:https://registry.npmjs.org/fast-json-stable-stringify set size:undefined disposed:false
677 silly fetch manifest shebang-command@^2.0.0
678 silly packumentCache full:https://registry.npmjs.org/shebang-command cache-miss
679 http fetch GET 200 https://registry.npmjs.org/json-schema-traverse 43ms (cache miss)
680 silly packumentCache full:https://registry.npmjs.org/json-schema-traverse set size:undefined disposed:false
681 silly fetch manifest ms@^2.1.3
682 silly packumentCache full:https://registry.npmjs.org/ms cache-miss
683 http fetch GET 200 https://registry.npmjs.org/ansi-styles 43ms (cache miss)
684 silly packumentCache full:https://registry.npmjs.org/ansi-styles set size:undefined disposed:false
685 silly fetch manifest esrecurse@^4.3.0
686 silly packumentCache full:https://registry.npmjs.org/esrecurse cache-miss
687 http fetch GET 200 https://registry.npmjs.org/uri-js 46ms (cache miss)
688 silly packumentCache full:https://registry.npmjs.org/uri-js set size:undefined disposed:false
689 silly fetch manifest estraverse@^5.2.0
690 silly packumentCache full:https://registry.npmjs.org/estraverse cache-miss
691 http fetch GET 200 https://registry.npmjs.org/which 44ms (cache miss)
692 silly packumentCache full:https://registry.npmjs.org/which set size:undefined disposed:false
693 silly fetch manifest acorn@^8.15.0
694 silly packumentCache full:https://registry.npmjs.org/acorn cache-miss
695 http fetch GET 200 https://registry.npmjs.org/supports-color 53ms (cache miss)
696 silly packumentCache full:https://registry.npmjs.org/supports-color set size:undefined disposed:false
697 silly fetch manifest acorn-jsx@^5.3.2
698 silly packumentCache full:https://registry.npmjs.org/acorn-jsx cache-miss
699 http fetch GET 200 https://registry.npmjs.org/path-key 50ms (cache miss)
700 silly packumentCache full:https://registry.npmjs.org/path-key set size:undefined disposed:false
701 silly fetch manifest estraverse@^5.1.0
702 silly packumentCache full:https://registry.npmjs.org/estraverse cache-miss
703 http fetch GET 200 https://registry.npmjs.org/ms 41ms (cache miss)
704 silly packumentCache full:https://registry.npmjs.org/ms set size:undefined disposed:false
705 silly fetch manifest flat-cache@^4.0.0
706 silly packumentCache full:https://registry.npmjs.org/flat-cache cache-miss
707 http fetch GET 200 https://registry.npmjs.org/esrecurse 41ms (cache miss)
708 silly packumentCache full:https://registry.npmjs.org/esrecurse set size:undefined disposed:false
709 silly fetch manifest locate-path@^6.0.0
710 silly packumentCache full:https://registry.npmjs.org/locate-path cache-miss
711 http fetch GET 200 https://registry.npmjs.org/shebang-command 68ms (cache miss)
712 silly packumentCache full:https://registry.npmjs.org/shebang-command set size:undefined disposed:false
713 silly fetch manifest path-exists@^4.0.0
714 silly packumentCache full:https://registry.npmjs.org/path-exists cache-miss
715 http fetch GET 200 https://registry.npmjs.org/estraverse 65ms (cache miss)
716 silly packumentCache full:https://registry.npmjs.org/estraverse set size:undefined disposed:false
717 silly fetch manifest is-glob@^4.0.3
718 silly packumentCache full:https://registry.npmjs.org/is-glob cache-miss
719 http fetch GET 200 https://registry.npmjs.org/acorn-jsx 57ms (cache miss)
720 silly packumentCache full:https://registry.npmjs.org/acorn-jsx set size:undefined disposed:false
721 silly fetch manifest is-extglob@^2.1.1
722 silly packumentCache full:https://registry.npmjs.org/is-extglob cache-miss
723 http fetch GET 200 https://registry.npmjs.org/estraverse 52ms (cache miss)
724 silly packumentCache full:https://registry.npmjs.org/estraverse set size:undefined disposed:false
725 silly fetch manifest brace-expansion@^1.1.7
726 silly packumentCache full:https://registry.npmjs.org/brace-expansion cache-miss
727 http fetch GET 200 https://registry.npmjs.org/acorn 69ms (cache miss)
728 silly packumentCache full:https://registry.npmjs.org/acorn set size:undefined disposed:false
729 silly fetch manifest prelude-ls@^1.2.1
730 silly packumentCache full:https://registry.npmjs.org/prelude-ls cache-miss
731 http cache https://registry.npmjs.org/is-glob 8ms (cache hit)
732 silly packumentCache full:https://registry.npmjs.org/is-glob set size:40530 disposed:false
733 silly fetch manifest deep-is@^0.1.3
734 silly packumentCache full:https://registry.npmjs.org/deep-is cache-miss
735 http fetch GET 200 https://registry.npmjs.org/locate-path 52ms (cache miss)
736 silly packumentCache full:https://registry.npmjs.org/locate-path set size:undefined disposed:false
737 silly fetch manifest word-wrap@^1.2.5
738 silly packumentCache full:https://registry.npmjs.org/word-wrap cache-miss
739 http fetch GET 200 https://registry.npmjs.org/flat-cache 60ms (cache miss)
740 silly packumentCache full:https://registry.npmjs.org/flat-cache set size:undefined disposed:false
741 silly fetch manifest type-check@^0.4.0
742 silly packumentCache full:https://registry.npmjs.org/type-check cache-miss
743 http fetch GET 200 https://registry.npmjs.org/path-exists 41ms (cache miss)
744 silly packumentCache full:https://registry.npmjs.org/path-exists set size:undefined disposed:false
745 silly fetch manifest fast-levenshtein@^2.0.6
746 silly packumentCache full:https://registry.npmjs.org/fast-levenshtein cache-miss
747 http fetch GET 200 https://registry.npmjs.org/is-extglob 44ms (cache miss)
748 silly packumentCache full:https://registry.npmjs.org/is-extglob set size:undefined disposed:false
749 http fetch GET 200 https://registry.npmjs.org/brace-expansion 44ms (cache miss)
750 silly packumentCache full:https://registry.npmjs.org/brace-expansion set size:undefined disposed:false
751 http fetch GET 200 https://registry.npmjs.org/deep-is 45ms (cache miss)
752 silly packumentCache full:https://registry.npmjs.org/deep-is set size:undefined disposed:false
753 http fetch GET 200 https://registry.npmjs.org/prelude-ls 47ms (cache miss)
754 silly packumentCache full:https://registry.npmjs.org/prelude-ls set size:undefined disposed:false
755 http fetch GET 200 https://registry.npmjs.org/word-wrap 41ms (cache miss)
756 silly packumentCache full:https://registry.npmjs.org/word-wrap set size:undefined disposed:false
757 http fetch GET 200 https://registry.npmjs.org/type-check 45ms (cache miss)
758 silly packumentCache full:https://registry.npmjs.org/type-check set size:undefined disposed:false
759 http fetch GET 200 https://registry.npmjs.org/fast-levenshtein 55ms (cache miss)
760 silly packumentCache full:https://registry.npmjs.org/fast-levenshtein set size:undefined disposed:false
761 silly placeDep node_modules/@eslint-community/eslint-utils eslint-visitor-keys@3.4.3 OK for: @eslint-community/eslint-utils@4.9.1 want: ^3.4.3
762 silly placeDep ROOT @eslint/object-schema@2.1.7 OK for: @eslint/config-array@0.21.2 want: ^2.1.7
763 silly placeDep ROOT @types/json-schema@7.0.15 OK for: @eslint/core@0.17.0 want: ^7.0.15
764 silly placeDep ROOT globals@14.0.0 OK for: @eslint/eslintrc@3.3.5 want: ^14.0.0
765 silly placeDep ROOT import-fresh@3.3.1 OK for: @eslint/eslintrc@3.3.5 want: ^3.2.1
766 silly placeDep ROOT js-yaml@4.1.1 OK for: @eslint/eslintrc@3.3.5 want: ^4.1.1
767 silly placeDep ROOT strip-json-comments@3.1.1 OK for: @eslint/eslintrc@3.3.5 want: ^3.1.1
768 silly fetch manifest resolve-from@^4.0.0
769 silly packumentCache full:https://registry.npmjs.org/resolve-from cache-miss
770 silly fetch manifest parent-module@^1.0.0
771 silly packumentCache full:https://registry.npmjs.org/parent-module cache-miss
772 silly fetch manifest argparse@^2.0.1
773 silly packumentCache full:https://registry.npmjs.org/argparse cache-miss
774 http fetch GET 200 https://registry.npmjs.org/resolve-from 39ms (cache miss)
775 silly packumentCache full:https://registry.npmjs.org/resolve-from set size:undefined disposed:false
776 http fetch GET 200 https://registry.npmjs.org/argparse 50ms (cache miss)
777 silly packumentCache full:https://registry.npmjs.org/argparse set size:undefined disposed:false
778 http fetch GET 200 https://registry.npmjs.org/parent-module 52ms (cache miss)
779 silly packumentCache full:https://registry.npmjs.org/parent-module set size:undefined disposed:false
780 silly placeDep ROOT levn@0.4.1 OK for: @eslint/plugin-kit@0.4.1 want: ^0.4.1
781 silly fetch manifest type-check@~0.4.0
782 silly packumentCache full:https://registry.npmjs.org/type-check cache-miss
783 http cache https://registry.npmjs.org/type-check 1ms (cache hit)
784 silly packumentCache full:https://registry.npmjs.org/type-check set size:21221 disposed:false
785 silly placeDep ROOT @humanfs/core@0.19.1 OK for: @humanfs/node@0.16.7 want: ^0.19.1
786 silly placeDep ROOT fast-json-stable-stringify@2.1.0 OK for: ajv@6.14.0 want: ^2.0.0
787 silly placeDep ROOT json-schema-traverse@0.4.1 OK for: ajv@6.14.0 want: ^0.4.1
788 silly placeDep ROOT uri-js@4.4.1 OK for: ajv@6.14.0 want: ^4.2.2
789 silly fetch manifest punycode@^2.1.0
790 silly packumentCache full:https://registry.npmjs.org/punycode cache-miss
791 http fetch GET 200 https://registry.npmjs.org/punycode 46ms (cache miss)
792 silly packumentCache full:https://registry.npmjs.org/punycode set size:undefined disposed:false
793 silly placeDep ROOT ansi-styles@4.3.0 OK for: chalk@4.1.2 want: ^4.1.0
794 silly placeDep ROOT supports-color@7.2.0 OK for: chalk@4.1.2 want: ^7.1.0
795 silly fetch manifest color-convert@^2.0.1
796 silly packumentCache full:https://registry.npmjs.org/color-convert cache-miss
797 silly fetch manifest has-flag@^4.0.0
798 silly packumentCache full:https://registry.npmjs.org/has-flag cache-miss
799 http fetch GET 200 https://registry.npmjs.org/has-flag 41ms (cache miss)
800 silly packumentCache full:https://registry.npmjs.org/has-flag set size:undefined disposed:false
801 http fetch GET 200 https://registry.npmjs.org/color-convert 42ms (cache miss)
802 silly packumentCache full:https://registry.npmjs.org/color-convert set size:undefined disposed:false
803 silly placeDep ROOT color-convert@2.0.1 OK for: ansi-styles@4.3.0 want: ^2.0.1
804 silly fetch manifest color-name@~1.1.4
805 silly packumentCache full:https://registry.npmjs.org/color-name cache-miss
806 http fetch GET 200 https://registry.npmjs.org/color-name 45ms (cache miss)
807 silly packumentCache full:https://registry.npmjs.org/color-name set size:undefined disposed:false
808 silly placeDep ROOT color-name@1.1.4 OK for: color-convert@2.0.1 want: ~1.1.4
809 silly placeDep ROOT path-key@3.1.1 OK for: cross-spawn@7.0.6 want: ^3.1.0
810 silly placeDep ROOT shebang-command@2.0.0 OK for: cross-spawn@7.0.6 want: ^2.0.0
811 silly placeDep ROOT which@2.0.2 OK for: cross-spawn@7.0.6 want: ^2.0.1
812 silly fetch manifest shebang-regex@^3.0.0
813 silly packumentCache full:https://registry.npmjs.org/shebang-regex cache-miss
814 silly fetch manifest isexe@^2.0.0
815 silly packumentCache full:https://registry.npmjs.org/isexe cache-miss
816 http fetch GET 200 https://registry.npmjs.org/shebang-regex 46ms (cache miss)
817 silly packumentCache full:https://registry.npmjs.org/shebang-regex set size:undefined disposed:false
818 http fetch GET 200 https://registry.npmjs.org/isexe 52ms (cache miss)
819 silly packumentCache full:https://registry.npmjs.org/isexe set size:undefined disposed:false
820 silly placeDep ROOT ms@2.1.3 OK for: debug@4.4.3 want: ^2.1.3
821 silly fetch manifest eslint@>=9.0.0
822 silly packumentCache full:https://registry.npmjs.org/eslint cache-miss
823 http cache https://registry.npmjs.org/eslint 2ms (cache hit)
824 silly packumentCache full:https://registry.npmjs.org/eslint set size:1970137 disposed:false
825 silly fetch manifest typescript@>=3.3.1
826 silly packumentCache full:https://registry.npmjs.org/typescript cache-miss
827 http cache https://registry.npmjs.org/typescript 16ms (cache hit)
828 silly packumentCache full:https://registry.npmjs.org/typescript set size:15384539 disposed:false
829 silly fetch manifest eslint@^3 || ^4 || ^5 || ^6 || ^7 || ^8 || ^9.7
830 silly packumentCache full:https://registry.npmjs.org/eslint cache-miss
831 http cache https://registry.npmjs.org/eslint 11ms (cache hit)
832 silly packumentCache full:https://registry.npmjs.org/eslint set size:1970137 disposed:false
833 silly fetch manifest eslint@^2 || ^3 || ^4 || ^5 || ^6 || ^7.2.0 || ^8 || ^9
834 silly packumentCache full:https://registry.npmjs.org/eslint cache-miss
835 http cache https://registry.npmjs.org/eslint 9ms (cache hit)
836 silly packumentCache full:https://registry.npmjs.org/eslint set size:1970137 disposed:false
837 silly fetch manifest eslint@^3 || ^4 || ^5 || ^6 || ^7 || ^8 || ^9
838 silly packumentCache full:https://registry.npmjs.org/eslint cache-miss
839 http cache https://registry.npmjs.org/eslint 3ms (cache hit)
840 silly packumentCache full:https://registry.npmjs.org/eslint set size:1970137 disposed:false
841 silly fetch manifest eslint@^3.0.0 || ^4.0.0 || ^5.0.0 || ^6.0.0 || ^7.0.0 || ^8.0.0-0 || ^9.0.0
842 silly packumentCache full:https://registry.npmjs.org/eslint cache-miss
843 http cache https://registry.npmjs.org/eslint 11ms (cache hit)
844 silly packumentCache full:https://registry.npmjs.org/eslint set size:1970137 disposed:false
845 silly fetch manifest eslint-plugin-import-x@*
846 silly packumentCache full:https://registry.npmjs.org/eslint-plugin-import-x cache-miss
847 http fetch GET 200 https://registry.npmjs.org/eslint-plugin-import-x 51ms (cache miss)
848 silly packumentCache full:https://registry.npmjs.org/eslint-plugin-import-x set size:undefined disposed:false
849 silly fetch manifest @typescript-eslint/utils@^8.56.0
850 silly packumentCache full:https://registry.npmjs.org/@typescript-eslint%2futils cache-miss
851 http fetch GET 200 https://registry.npmjs.org/@typescript-eslint%2futils 181ms (cache miss)
852 silly packumentCache full:https://registry.npmjs.org/@typescript-eslint%2futils set size:undefined disposed:false
853 silly placeDep ROOT @next/eslint-plugin-next@16.2.1 OK for: eslint-config-next@16.2.1 want: 16.2.1
854 silly placeDep ROOT eslint-import-resolver-node@0.3.9 OK for: eslint-config-next@16.2.1 want: ^0.3.6
855 silly placeDep ROOT eslint-import-resolver-typescript@3.10.1 OK for: eslint-config-next@16.2.1 want: ^3.5.2
856 silly placeDep ROOT eslint-plugin-import@2.32.0 OK for: eslint-config-next@16.2.1 want: ^2.32.0
857 silly placeDep ROOT eslint-plugin-jsx-a11y@6.10.2 OK for: eslint-config-next@16.2.1 want: ^6.10.0
858 silly placeDep ROOT eslint-plugin-react@7.37.5 OK for: eslint-config-next@16.2.1 want: ^7.37.0
859 silly placeDep ROOT eslint-plugin-react-hooks@7.0.1 OK for: eslint-config-next@16.2.1 want: ^7.0.0
860 silly placeDep node_modules/eslint-config-next globals@16.4.0 OK for: eslint-config-next@16.2.1 want: 16.4.0
861 silly placeDep ROOT typescript-eslint@8.57.1 OK for: eslint-config-next@16.2.1 want: ^8.46.0
862 silly fetch manifest fast-glob@3.3.1
863 silly packumentCache full:https://registry.npmjs.org/fast-glob cache-miss
864 silly fetch manifest debug@^3.2.7
865 silly packumentCache full:https://registry.npmjs.org/debug cache-hit
866 silly fetch manifest is-core-module@^2.13.0
867 silly packumentCache full:https://registry.npmjs.org/is-core-module cache-miss
868 silly fetch manifest resolve@^1.22.4
869 silly packumentCache full:https://registry.npmjs.org/resolve cache-miss
870 silly fetch manifest tinyglobby@^0.2.13
871 silly packumentCache full:https://registry.npmjs.org/tinyglobby cache-miss
872 silly fetch manifest stable-hash@^0.0.5
873 silly packumentCache full:https://registry.npmjs.org/stable-hash cache-miss
874 silly fetch manifest get-tsconfig@^4.10.0
875 silly packumentCache full:https://registry.npmjs.org/get-tsconfig cache-miss
876 silly fetch manifest is-bun-module@^2.0.0
877 silly packumentCache full:https://registry.npmjs.org/is-bun-module cache-miss
878 http fetch GET 200 https://registry.npmjs.org/is-core-module 192ms (cache miss)
879 silly packumentCache full:https://registry.npmjs.org/is-core-module set size:undefined disposed:false
880 silly fetch manifest unrs-resolver@^1.6.2
881 silly packumentCache full:https://registry.npmjs.org/unrs-resolver cache-miss
882 http fetch GET 200 https://registry.npmjs.org/is-bun-module 193ms (cache miss)
883 silly packumentCache full:https://registry.npmjs.org/is-bun-module set size:undefined disposed:false
884 silly fetch manifest @nolyfill/is-core-module@1.0.39
885 silly packumentCache full:https://registry.npmjs.org/@nolyfill%2fis-core-module cache-miss
886 http fetch GET 200 https://registry.npmjs.org/fast-glob 195ms (cache miss)
887 silly packumentCache full:https://registry.npmjs.org/fast-glob set size:undefined disposed:false
888 silly fetch manifest @rtsao/scc@^1.1.0
889 silly packumentCache full:https://registry.npmjs.org/@rtsao%2fscc cache-miss
890 http fetch GET 200 https://registry.npmjs.org/get-tsconfig 197ms (cache miss)
891 silly packumentCache full:https://registry.npmjs.org/get-tsconfig set size:undefined disposed:false
892 silly fetch manifest array-includes@^3.1.9
893 silly packumentCache full:https://registry.npmjs.org/array-includes cache-miss
894 http fetch GET 200 https://registry.npmjs.org/stable-hash 200ms (cache miss)
895 silly packumentCache full:https://registry.npmjs.org/stable-hash set size:undefined disposed:false
896 silly fetch manifest array.prototype.findlastindex@^1.2.6
897 silly packumentCache full:https://registry.npmjs.org/array.prototype.findlastindex cache-miss
898 http fetch GET 200 https://registry.npmjs.org/tinyglobby 201ms (cache miss)
899 silly packumentCache full:https://registry.npmjs.org/tinyglobby set size:undefined disposed:false
900 silly fetch manifest array.prototype.flat@^1.3.3
901 silly packumentCache full:https://registry.npmjs.org/array.prototype.flat cache-miss
902 http fetch GET 200 https://registry.npmjs.org/resolve 202ms (cache miss)
903 silly packumentCache full:https://registry.npmjs.org/resolve set size:undefined disposed:false
904 silly fetch manifest array.prototype.flatmap@^1.3.3
905 silly packumentCache full:https://registry.npmjs.org/array.prototype.flatmap cache-miss
906 http fetch GET 200 https://registry.npmjs.org/unrs-resolver 45ms (cache miss)
907 silly packumentCache full:https://registry.npmjs.org/unrs-resolver set size:undefined disposed:false
908 silly fetch manifest doctrine@^2.1.0
909 silly packumentCache full:https://registry.npmjs.org/doctrine cache-miss
910 http fetch GET 200 https://registry.npmjs.org/array.prototype.findlastindex 40ms (cache miss)
911 silly packumentCache full:https://registry.npmjs.org/array.prototype.findlastindex set size:undefined disposed:false
912 silly fetch manifest eslint-module-utils@^2.12.1
913 silly packumentCache full:https://registry.npmjs.org/eslint-module-utils cache-miss
914 http fetch GET 200 https://registry.npmjs.org/array.prototype.flat 42ms (cache miss)
915 silly packumentCache full:https://registry.npmjs.org/array.prototype.flat set size:undefined disposed:false
916 silly fetch manifest hasown@^2.0.2
917 silly packumentCache full:https://registry.npmjs.org/hasown cache-miss
918 http fetch GET 200 https://registry.npmjs.org/array.prototype.flatmap 44ms (cache miss)
919 silly packumentCache full:https://registry.npmjs.org/array.prototype.flatmap set size:undefined disposed:false
920 silly fetch manifest is-core-module@^2.16.1
921 silly packumentCache full:https://registry.npmjs.org/is-core-module cache-miss
922 http cache https://registry.npmjs.org/is-core-module 3ms (cache hit)
923 silly packumentCache full:https://registry.npmjs.org/is-core-module set size:71788 disposed:false
924 silly fetch manifest object.fromentries@^2.0.8
925 silly packumentCache full:https://registry.npmjs.org/object.fromentries cache-miss
926 http fetch GET 200 https://registry.npmjs.org/array-includes 54ms (cache miss)
927 silly packumentCache full:https://registry.npmjs.org/array-includes set size:undefined disposed:false
928 silly fetch manifest object.groupby@^1.0.3
929 silly packumentCache full:https://registry.npmjs.org/object.groupby cache-miss
930 http fetch GET 200 https://registry.npmjs.org/@nolyfill%2fis-core-module 58ms (cache miss)
931 silly packumentCache full:https://registry.npmjs.org/@nolyfill%2fis-core-module set size:undefined disposed:false
932 silly fetch manifest object.values@^1.2.1
933 silly packumentCache full:https://registry.npmjs.org/object.values cache-miss
934 http fetch GET 200 https://registry.npmjs.org/@rtsao%2fscc 63ms (cache miss)
935 silly packumentCache full:https://registry.npmjs.org/@rtsao%2fscc set size:undefined disposed:false
936 silly fetch manifest semver@^6.3.1
937 silly packumentCache full:https://registry.npmjs.org/semver cache-miss
938 http fetch GET 200 https://registry.npmjs.org/eslint-module-utils 40ms (cache miss)
939 silly packumentCache full:https://registry.npmjs.org/eslint-module-utils set size:undefined disposed:false
940 silly fetch manifest string.prototype.trimend@^1.0.9
941 silly packumentCache full:https://registry.npmjs.org/string.prototype.trimend cache-miss
942 http fetch GET 200 https://registry.npmjs.org/doctrine 44ms (cache miss)
943 silly packumentCache full:https://registry.npmjs.org/doctrine set size:undefined disposed:false
944 silly fetch manifest tsconfig-paths@^3.15.0
945 silly packumentCache full:https://registry.npmjs.org/tsconfig-paths cache-miss
946 http fetch GET 200 https://registry.npmjs.org/hasown 48ms (cache miss)
947 silly packumentCache full:https://registry.npmjs.org/hasown set size:undefined disposed:false
948 silly fetch manifest aria-query@^5.3.2
949 silly packumentCache full:https://registry.npmjs.org/aria-query cache-miss
950 http fetch GET 200 https://registry.npmjs.org/object.fromentries 42ms (cache miss)
951 silly packumentCache full:https://registry.npmjs.org/object.fromentries set size:undefined disposed:false
952 silly fetch manifest array-includes@^3.1.8
953 silly packumentCache full:https://registry.npmjs.org/array-includes cache-miss
954 http fetch GET 200 https://registry.npmjs.org/object.values 40ms (cache miss)
955 silly packumentCache full:https://registry.npmjs.org/object.values set size:undefined disposed:false
956 silly fetch manifest array.prototype.flatmap@^1.3.2
957 silly packumentCache full:https://registry.npmjs.org/array.prototype.flatmap cache-miss
958 http cache https://registry.npmjs.org/array-includes 2ms (cache hit)
959 silly packumentCache full:https://registry.npmjs.org/array-includes set size:77143 disposed:false
960 silly fetch manifest ast-types-flow@^0.0.8
961 silly packumentCache full:https://registry.npmjs.org/ast-types-flow cache-miss
962 http cache https://registry.npmjs.org/array.prototype.flatmap 2ms (cache hit)
963 silly packumentCache full:https://registry.npmjs.org/array.prototype.flatmap set size:51458 disposed:false
964 silly fetch manifest axe-core@^4.10.0
965 silly packumentCache full:https://registry.npmjs.org/axe-core cache-miss
966 http fetch GET 200 https://registry.npmjs.org/object.groupby 60ms (cache miss)
967 silly packumentCache full:https://registry.npmjs.org/object.groupby set size:undefined disposed:false
968 silly fetch manifest axobject-query@^4.1.0
969 silly packumentCache full:https://registry.npmjs.org/axobject-query cache-miss
970 http fetch GET 200 https://registry.npmjs.org/semver 54ms (cache miss)
971 silly packumentCache full:https://registry.npmjs.org/semver set size:undefined disposed:false
972 silly fetch manifest damerau-levenshtein@^1.0.8
973 silly packumentCache full:https://registry.npmjs.org/damerau-levenshtein cache-miss
974 http fetch GET 200 https://registry.npmjs.org/string.prototype.trimend 37ms (cache miss)
975 silly packumentCache full:https://registry.npmjs.org/string.prototype.trimend set size:undefined disposed:false
976 silly fetch manifest emoji-regex@^9.2.2
977 silly packumentCache full:https://registry.npmjs.org/emoji-regex cache-miss
978 http fetch GET 200 https://registry.npmjs.org/tsconfig-paths 45ms (cache miss)
979 silly packumentCache full:https://registry.npmjs.org/tsconfig-paths set size:undefined disposed:false
980 silly fetch manifest jsx-ast-utils@^3.3.5
981 silly packumentCache full:https://registry.npmjs.org/jsx-ast-utils cache-miss
982 http fetch GET 200 https://registry.npmjs.org/aria-query 48ms (cache miss)
983 silly packumentCache full:https://registry.npmjs.org/aria-query set size:undefined disposed:false
984 silly fetch manifest language-tags@^1.0.9
985 silly packumentCache full:https://registry.npmjs.org/language-tags cache-miss
986 http fetch GET 200 https://registry.npmjs.org/ast-types-flow 45ms (cache miss)
987 silly packumentCache full:https://registry.npmjs.org/ast-types-flow set size:undefined disposed:false
988 silly fetch manifest safe-regex-test@^1.0.3
989 silly packumentCache full:https://registry.npmjs.org/safe-regex-test cache-miss
990 http fetch GET 200 https://registry.npmjs.org/axobject-query 41ms (cache miss)
991 silly packumentCache full:https://registry.npmjs.org/axobject-query set size:undefined disposed:false
992 silly fetch manifest string.prototype.includes@^2.0.1
993 silly packumentCache full:https://registry.npmjs.org/string.prototype.includes cache-miss
994 http fetch GET 200 https://registry.npmjs.org/damerau-levenshtein 51ms (cache miss)
995 silly packumentCache full:https://registry.npmjs.org/damerau-levenshtein set size:undefined disposed:false
996 silly fetch manifest array.prototype.findlast@^1.2.5
997 silly packumentCache full:https://registry.npmjs.org/array.prototype.findlast cache-miss
998 http fetch GET 200 https://registry.npmjs.org/emoji-regex 48ms (cache miss)
999 silly packumentCache full:https://registry.npmjs.org/emoji-regex set size:undefined disposed:false
1000 silly fetch manifest array.prototype.tosorted@^1.1.4
1001 silly packumentCache full:https://registry.npmjs.org/array.prototype.tosorted cache-miss
1002 http fetch GET 200 https://registry.npmjs.org/jsx-ast-utils 41ms (cache miss)
1003 silly packumentCache full:https://registry.npmjs.org/jsx-ast-utils set size:undefined disposed:false
1004 silly fetch manifest es-iterator-helpers@^1.2.1
1005 silly packumentCache full:https://registry.npmjs.org/es-iterator-helpers cache-miss
1006 http fetch GET 200 https://registry.npmjs.org/language-tags 41ms (cache miss)
1007 silly packumentCache full:https://registry.npmjs.org/language-tags set size:undefined disposed:false
1008 silly fetch manifest estraverse@^5.3.0
1009 silly packumentCache full:https://registry.npmjs.org/estraverse cache-miss
1010 http cache https://registry.npmjs.org/estraverse 3ms (cache hit)
1011 silly packumentCache full:https://registry.npmjs.org/estraverse set size:62412 disposed:false
1012 silly fetch manifest jsx-ast-utils@^2.4.1 || ^3.0.0
1013 silly packumentCache full:https://registry.npmjs.org/jsx-ast-utils cache-miss
1014 http fetch GET 200 https://registry.npmjs.org/safe-regex-test 51ms (cache miss)
1015 silly packumentCache full:https://registry.npmjs.org/safe-regex-test set size:undefined disposed:false
1016 silly fetch manifest object.entries@^1.1.9
1017 silly packumentCache full:https://registry.npmjs.org/object.entries cache-miss
1018 http cache https://registry.npmjs.org/jsx-ast-utils 9ms (cache hit)
1019 silly packumentCache full:https://registry.npmjs.org/jsx-ast-utils set size:115998 disposed:false
1020 silly fetch manifest prop-types@^15.8.1
1021 silly packumentCache full:https://registry.npmjs.org/prop-types cache-miss
1022 http fetch GET 200 https://registry.npmjs.org/string.prototype.includes 46ms (cache miss)
1023 silly packumentCache full:https://registry.npmjs.org/string.prototype.includes set size:undefined disposed:false
1024 silly fetch manifest resolve@^2.0.0-next.5
1025 silly packumentCache full:https://registry.npmjs.org/resolve cache-miss
1026 http cache https://registry.npmjs.org/resolve 3ms (cache hit)
1027 silly packumentCache full:https://registry.npmjs.org/resolve set size:238156 disposed:false
1028 silly fetch manifest string.prototype.matchall@^4.0.12
1029 silly packumentCache full:https://registry.npmjs.org/string.prototype.matchall cache-miss
1030 http fetch GET 200 https://registry.npmjs.org/array.prototype.tosorted 47ms (cache miss)
1031 silly packumentCache full:https://registry.npmjs.org/array.prototype.tosorted set size:undefined disposed:false
1032 silly fetch manifest string.prototype.repeat@^1.0.0
1033 silly packumentCache full:https://registry.npmjs.org/string.prototype.repeat cache-miss
1034 http fetch GET 200 https://registry.npmjs.org/es-iterator-helpers 46ms (cache miss)
1035 silly packumentCache full:https://registry.npmjs.org/es-iterator-helpers set size:undefined disposed:false
1036 silly fetch manifest zod@^3.25.0 || ^4.0.0
1037 silly packumentCache full:https://registry.npmjs.org/zod cache-miss
1038 http fetch GET 200 https://registry.npmjs.org/array.prototype.findlast 58ms (cache miss)
1039 silly packumentCache full:https://registry.npmjs.org/array.prototype.findlast set size:undefined disposed:false
1040 silly fetch manifest @babel/core@^7.24.4
1041 silly packumentCache full:https://registry.npmjs.org/@babel%2fcore cache-miss
1042 http fetch GET 200 https://registry.npmjs.org/axe-core 128ms (cache miss)
1043 silly packumentCache full:https://registry.npmjs.org/axe-core set size:undefined disposed:false
1044 silly fetch manifest @babel/parser@^7.24.4
1045 silly packumentCache full:https://registry.npmjs.org/@babel%2fparser cache-miss
1046 http fetch GET 200 https://registry.npmjs.org/object.entries 70ms (cache miss)
1047 silly packumentCache full:https://registry.npmjs.org/object.entries set size:undefined disposed:false
1048 silly fetch manifest hermes-parser@^0.25.1
1049 silly packumentCache full:https://registry.npmjs.org/hermes-parser cache-miss
1050 http fetch GET 200 https://registry.npmjs.org/prop-types 67ms (cache miss)
1051 silly packumentCache full:https://registry.npmjs.org/prop-types set size:undefined disposed:false
1052 silly fetch manifest zod-validation-error@^3.5.0 || ^4.0.0
1053 silly packumentCache full:https://registry.npmjs.org/zod-validation-error cache-miss
1054 http fetch GET 200 https://registry.npmjs.org/string.prototype.matchall 59ms (cache miss)
1055 silly packumentCache full:https://registry.npmjs.org/string.prototype.matchall set size:undefined disposed:false
1056 silly fetch manifest @typescript-eslint/utils@8.57.1
1057 silly packumentCache full:https://registry.npmjs.org/@typescript-eslint%2futils cache-miss
1058 http fetch GET 200 https://registry.npmjs.org/string.prototype.repeat 52ms (cache miss)
1059 silly packumentCache full:https://registry.npmjs.org/string.prototype.repeat set size:undefined disposed:false
1060 silly fetch manifest @typescript-eslint/parser@8.57.1
1061 silly packumentCache full:https://registry.npmjs.org/@typescript-eslint%2fparser cache-miss
1062 http cache https://registry.npmjs.org/@typescript-eslint%2futils 12ms (cache hit)
1063 silly packumentCache full:https://registry.npmjs.org/@typescript-eslint%2futils set size:9844157 disposed:false
1064 silly fetch manifest @typescript-eslint/eslint-plugin@8.57.1
1065 silly packumentCache full:https://registry.npmjs.org/@typescript-eslint%2feslint-plugin cache-miss
1066 http fetch GET 200 https://registry.npmjs.org/hermes-parser 54ms (cache miss)
1067 silly packumentCache full:https://registry.npmjs.org/hermes-parser set size:undefined disposed:false
1068 silly fetch manifest @typescript-eslint/typescript-estree@8.57.1
1069 silly packumentCache full:https://registry.npmjs.org/@typescript-eslint%2ftypescript-estree cache-miss
1070 http fetch GET 200 https://registry.npmjs.org/zod-validation-error 53ms (cache miss)
1071 silly packumentCache full:https://registry.npmjs.org/zod-validation-error set size:undefined disposed:false
1072 http fetch GET 200 https://registry.npmjs.org/@babel%2fcore 100ms (cache miss)
1073 silly packumentCache full:https://registry.npmjs.org/@babel%2fcore set size:undefined disposed:false
1074 http fetch GET 200 https://registry.npmjs.org/@babel%2fparser 78ms (cache miss)
1075 silly packumentCache full:https://registry.npmjs.org/@babel%2fparser set size:undefined disposed:false
1076 http fetch GET 200 https://registry.npmjs.org/zod 116ms (cache miss)
1077 silly packumentCache full:https://registry.npmjs.org/zod set size:undefined disposed:false
1078 http fetch GET 200 https://registry.npmjs.org/@typescript-eslint%2feslint-plugin 216ms (cache miss)
1079 silly packumentCache full:https://registry.npmjs.org/@typescript-eslint%2feslint-plugin set size:undefined disposed:false
1080 http fetch GET 200 https://registry.npmjs.org/@typescript-eslint%2ftypescript-estree 272ms (cache miss)
1081 silly packumentCache full:https://registry.npmjs.org/@typescript-eslint%2ftypescript-estree set size:undefined disposed:false
1082 http fetch GET 200 https://registry.npmjs.org/@typescript-eslint%2fparser 416ms (cache miss)
1083 silly packumentCache full:https://registry.npmjs.org/@typescript-eslint%2fparser set size:undefined disposed:false
1084 silly placeDep ROOT fast-glob@3.3.1 OK for: @next/eslint-plugin-next@16.2.1 want: 3.3.1
1085 silly fetch manifest merge2@^1.3.0
1086 silly packumentCache full:https://registry.npmjs.org/merge2 cache-miss
1087 silly fetch manifest micromatch@^4.0.4
1088 silly packumentCache full:https://registry.npmjs.org/micromatch cache-miss
1089 silly fetch manifest glob-parent@^5.1.2
1090 silly packumentCache full:https://registry.npmjs.org/glob-parent cache-miss
1091 silly fetch manifest @nodelib/fs.stat@^2.0.2
1092 silly packumentCache full:https://registry.npmjs.org/@nodelib%2ffs.stat cache-miss
1093 silly fetch manifest @nodelib/fs.walk@^1.2.3
1094 silly packumentCache full:https://registry.npmjs.org/@nodelib%2ffs.walk cache-miss
1095 http cache https://registry.npmjs.org/glob-parent 8ms (cache hit)
1096 silly packumentCache full:https://registry.npmjs.org/glob-parent set size:42445 disposed:false
1097 http fetch GET 200 https://registry.npmjs.org/merge2 44ms (cache miss)
1098 silly packumentCache full:https://registry.npmjs.org/merge2 set size:undefined disposed:false
1099 http fetch GET 200 https://registry.npmjs.org/micromatch 45ms (cache miss)
1100 silly packumentCache full:https://registry.npmjs.org/micromatch set size:undefined disposed:false
1101 http fetch GET 200 https://registry.npmjs.org/@nodelib%2ffs.stat 61ms (cache miss)
1102 silly packumentCache full:https://registry.npmjs.org/@nodelib%2ffs.stat set size:undefined disposed:false
1103 http fetch GET 200 https://registry.npmjs.org/@nodelib%2ffs.walk 69ms (cache miss)
1104 silly packumentCache full:https://registry.npmjs.org/@nodelib%2ffs.walk set size:undefined disposed:false
1105 silly placeDep node_modules/eslint-import-resolver-node debug@3.2.7 OK for: eslint-import-resolver-node@0.3.9 want: ^3.2.7
1106 silly placeDep ROOT is-core-module@2.16.1 OK for: eslint-import-resolver-node@0.3.9 want: ^2.13.0
1107 silly placeDep ROOT resolve@1.22.11 OK for: eslint-import-resolver-node@0.3.9 want: ^1.22.4
1108 silly fetch manifest path-parse@^1.0.7
1109 silly packumentCache full:https://registry.npmjs.org/path-parse cache-miss
1110 silly fetch manifest supports-preserve-symlinks-flag@^1.0.0
1111 silly packumentCache full:https://registry.npmjs.org/supports-preserve-symlinks-flag cache-miss
1112 http fetch GET 200 https://registry.npmjs.org/supports-preserve-symlinks-flag 41ms (cache miss)
1113 silly packumentCache full:https://registry.npmjs.org/supports-preserve-symlinks-flag set size:undefined disposed:false
1114 http fetch GET 200 https://registry.npmjs.org/path-parse 50ms (cache miss)
1115 silly packumentCache full:https://registry.npmjs.org/path-parse set size:undefined disposed:false
1116 silly placeDep ROOT @nolyfill/is-core-module@1.0.39 OK for: eslint-import-resolver-typescript@3.10.1 want: 1.0.39
1117 silly placeDep ROOT get-tsconfig@4.13.6 OK for: eslint-import-resolver-typescript@3.10.1 want: ^4.10.0
1118 silly placeDep ROOT is-bun-module@2.0.0 OK for: eslint-import-resolver-typescript@3.10.1 want: ^2.0.0
1119 silly placeDep ROOT stable-hash@0.0.5 OK for: eslint-import-resolver-typescript@3.10.1 want: ^0.0.5
1120 silly placeDep ROOT tinyglobby@0.2.15 OK for: eslint-import-resolver-typescript@3.10.1 want: ^0.2.13
1121 silly placeDep ROOT unrs-resolver@1.11.1 OK for: eslint-import-resolver-typescript@3.10.1 want: ^1.6.2
1122 silly fetch manifest resolve-pkg-maps@^1.0.0
1123 silly packumentCache full:https://registry.npmjs.org/resolve-pkg-maps cache-miss
1124 silly fetch manifest semver@^7.7.1
1125 silly packumentCache full:https://registry.npmjs.org/semver cache-miss
1126 silly fetch manifest fdir@^6.5.0
1127 silly packumentCache full:https://registry.npmjs.org/fdir cache-miss
1128 silly fetch manifest picomatch@^4.0.3
1129 silly packumentCache full:https://registry.npmjs.org/picomatch cache-miss
1130 silly fetch manifest napi-postinstall@^0.3.0
1131 silly packumentCache full:https://registry.npmjs.org/napi-postinstall cache-miss
1132 silly fetch manifest @unrs/resolver-binding-win32-x64-msvc@1.11.1
1133 silly packumentCache full:https://registry.npmjs.org/@unrs%2fresolver-binding-win32-x64-msvc cache-miss
1134 silly fetch manifest @unrs/resolver-binding-win32-arm64-msvc@1.11.1
1135 silly packumentCache full:https://registry.npmjs.org/@unrs%2fresolver-binding-win32-arm64-msvc cache-miss
1136 http cache https://registry.npmjs.org/semver 3ms (cache hit)
1137 silly packumentCache full:https://registry.npmjs.org/semver set size:229620 disposed:false
1138 silly fetch manifest @unrs/resolver-binding-win32-ia32-msvc@1.11.1
1139 silly packumentCache full:https://registry.npmjs.org/@unrs%2fresolver-binding-win32-ia32-msvc cache-miss
1140 http fetch GET 200 https://registry.npmjs.org/resolve-pkg-maps 49ms (cache miss)
1141 silly packumentCache full:https://registry.npmjs.org/resolve-pkg-maps set size:undefined disposed:false
1142 silly fetch manifest @unrs/resolver-binding-linux-x64-gnu@1.11.1
1143 silly packumentCache full:https://registry.npmjs.org/@unrs%2fresolver-binding-linux-x64-gnu cache-miss
1144 http fetch GET 200 https://registry.npmjs.org/napi-postinstall 51ms (cache miss)
1145 silly packumentCache full:https://registry.npmjs.org/napi-postinstall set size:undefined disposed:false
1146 silly fetch manifest @unrs/resolver-binding-linux-x64-musl@1.11.1
1147 silly packumentCache full:https://registry.npmjs.org/@unrs%2fresolver-binding-linux-x64-musl cache-miss
1148 http fetch GET 200 https://registry.npmjs.org/fdir 56ms (cache miss)
1149 silly packumentCache full:https://registry.npmjs.org/fdir set size:undefined disposed:false
1150 silly fetch manifest @unrs/resolver-binding-freebsd-x64@1.11.1
1151 silly packumentCache full:https://registry.npmjs.org/@unrs%2fresolver-binding-freebsd-x64 cache-miss
1152 http fetch GET 200 https://registry.npmjs.org/@unrs%2fresolver-binding-win32-ia32-msvc 53ms (cache miss)
1153 silly packumentCache full:https://registry.npmjs.org/@unrs%2fresolver-binding-win32-ia32-msvc set size:undefined disposed:false
1154 silly fetch manifest @unrs/resolver-binding-android-arm64@1.11.1
1155 silly packumentCache full:https://registry.npmjs.org/@unrs%2fresolver-binding-android-arm64 cache-miss
1156 http fetch GET 200 https://registry.npmjs.org/@unrs%2fresolver-binding-win32-arm64-msvc 60ms (cache miss)
1157 silly packumentCache full:https://registry.npmjs.org/@unrs%2fresolver-binding-win32-arm64-msvc set size:undefined disposed:false
1158 silly fetch manifest @unrs/resolver-binding-linux-arm64-gnu@1.11.1
1159 silly packumentCache full:https://registry.npmjs.org/@unrs%2fresolver-binding-linux-arm64-gnu cache-miss
1160 http fetch GET 200 https://registry.npmjs.org/@unrs%2fresolver-binding-win32-x64-msvc 67ms (cache miss)
1161 silly packumentCache full:https://registry.npmjs.org/@unrs%2fresolver-binding-win32-x64-msvc set size:undefined disposed:false
1162 silly fetch manifest @unrs/resolver-binding-linux-arm64-musl@1.11.1
1163 silly packumentCache full:https://registry.npmjs.org/@unrs%2fresolver-binding-linux-arm64-musl cache-miss
1164 http fetch GET 200 https://registry.npmjs.org/@unrs%2fresolver-binding-linux-x64-gnu 50ms (cache miss)
1165 silly packumentCache full:https://registry.npmjs.org/@unrs%2fresolver-binding-linux-x64-gnu set size:undefined disposed:false
1166 silly fetch manifest @unrs/resolver-binding-android-arm-eabi@1.11.1
1167 silly packumentCache full:https://registry.npmjs.org/@unrs%2fresolver-binding-android-arm-eabi cache-miss
1168 http fetch GET 200 https://registry.npmjs.org/@unrs%2fresolver-binding-freebsd-x64 54ms (cache miss)
1169 silly packumentCache full:https://registry.npmjs.org/@unrs%2fresolver-binding-freebsd-x64 set size:undefined disposed:false
1170 silly fetch manifest @unrs/resolver-binding-linux-arm-gnueabihf@1.11.1
1171 silly packumentCache full:https://registry.npmjs.org/@unrs%2fresolver-binding-linux-arm-gnueabihf cache-miss
1172 http fetch GET 200 https://registry.npmjs.org/@unrs%2fresolver-binding-linux-x64-musl 65ms (cache miss)
1173 silly packumentCache full:https://registry.npmjs.org/@unrs%2fresolver-binding-linux-x64-musl set size:undefined disposed:false
1174 silly fetch manifest @unrs/resolver-binding-linux-arm-musleabihf@1.11.1
1175 silly packumentCache full:https://registry.npmjs.org/@unrs%2fresolver-binding-linux-arm-musleabihf cache-miss
1176 http fetch GET 200 https://registry.npmjs.org/@unrs%2fresolver-binding-android-arm64 59ms (cache miss)
1177 silly packumentCache full:https://registry.npmjs.org/@unrs%2fresolver-binding-android-arm64 set size:undefined disposed:false
1178 silly fetch manifest @unrs/resolver-binding-linux-ppc64-gnu@1.11.1
1179 silly packumentCache full:https://registry.npmjs.org/@unrs%2fresolver-binding-linux-ppc64-gnu cache-miss
1180 http fetch GET 200 https://registry.npmjs.org/@unrs%2fresolver-binding-linux-arm64-musl 63ms (cache miss)
1181 silly packumentCache full:https://registry.npmjs.org/@unrs%2fresolver-binding-linux-arm64-musl set size:undefined disposed:false
1182 silly fetch manifest @unrs/resolver-binding-linux-riscv64-gnu@1.11.1
1183 silly packumentCache full:https://registry.npmjs.org/@unrs%2fresolver-binding-linux-riscv64-gnu cache-miss
1184 http fetch GET 200 https://registry.npmjs.org/@unrs%2fresolver-binding-linux-arm64-gnu 83ms (cache miss)
1185 silly packumentCache full:https://registry.npmjs.org/@unrs%2fresolver-binding-linux-arm64-gnu set size:undefined disposed:false
1186 silly fetch manifest @unrs/resolver-binding-linux-riscv64-musl@1.11.1
1187 silly packumentCache full:https://registry.npmjs.org/@unrs%2fresolver-binding-linux-riscv64-musl cache-miss
1188 http fetch GET 200 https://registry.npmjs.org/@unrs%2fresolver-binding-android-arm-eabi 59ms (cache miss)
1189 silly packumentCache full:https://registry.npmjs.org/@unrs%2fresolver-binding-android-arm-eabi set size:undefined disposed:false
1190 silly fetch manifest @unrs/resolver-binding-linux-s390x-gnu@1.11.1
1191 silly packumentCache full:https://registry.npmjs.org/@unrs%2fresolver-binding-linux-s390x-gnu cache-miss
1192 http fetch GET 200 https://registry.npmjs.org/@unrs%2fresolver-binding-linux-arm-gnueabihf 56ms (cache miss)
1193 silly packumentCache full:https://registry.npmjs.org/@unrs%2fresolver-binding-linux-arm-gnueabihf set size:undefined disposed:false
1194 silly fetch manifest @unrs/resolver-binding-darwin-x64@1.11.1
1195 silly packumentCache full:https://registry.npmjs.org/@unrs%2fresolver-binding-darwin-x64 cache-miss
1196 http fetch GET 200 https://registry.npmjs.org/@unrs%2fresolver-binding-linux-ppc64-gnu 50ms (cache miss)
1197 silly packumentCache full:https://registry.npmjs.org/@unrs%2fresolver-binding-linux-ppc64-gnu set size:undefined disposed:false
1198 silly fetch manifest @unrs/resolver-binding-darwin-arm64@1.11.1
1199 silly packumentCache full:https://registry.npmjs.org/@unrs%2fresolver-binding-darwin-arm64 cache-miss
1200 http fetch GET 200 https://registry.npmjs.org/@unrs%2fresolver-binding-linux-arm-musleabihf 54ms (cache miss)
1201 silly packumentCache full:https://registry.npmjs.org/@unrs%2fresolver-binding-linux-arm-musleabihf set size:undefined disposed:false
1202 silly fetch manifest @unrs/resolver-binding-wasm32-wasi@1.11.1
1203 silly packumentCache full:https://registry.npmjs.org/@unrs%2fresolver-binding-wasm32-wasi cache-miss
1204 http fetch GET 200 https://registry.npmjs.org/@unrs%2fresolver-binding-linux-riscv64-gnu 58ms (cache miss)
1205 silly packumentCache full:https://registry.npmjs.org/@unrs%2fresolver-binding-linux-riscv64-gnu set size:undefined disposed:false
1206 http fetch GET 200 https://registry.npmjs.org/@unrs%2fresolver-binding-linux-riscv64-musl 52ms (cache miss)
1207 silly packumentCache full:https://registry.npmjs.org/@unrs%2fresolver-binding-linux-riscv64-musl set size:undefined disposed:false
1208 http fetch GET 200 https://registry.npmjs.org/picomatch 208ms (cache miss)
1209 silly packumentCache full:https://registry.npmjs.org/picomatch set size:undefined disposed:false
1210 http fetch GET 200 https://registry.npmjs.org/@unrs%2fresolver-binding-darwin-x64 50ms (cache miss)
1211 silly packumentCache full:https://registry.npmjs.org/@unrs%2fresolver-binding-darwin-x64 set size:undefined disposed:false
1212 http fetch GET 200 https://registry.npmjs.org/@unrs%2fresolver-binding-wasm32-wasi 67ms (cache miss)
1213 silly packumentCache full:https://registry.npmjs.org/@unrs%2fresolver-binding-wasm32-wasi set size:undefined disposed:false
1214 http fetch GET 200 https://registry.npmjs.org/@unrs%2fresolver-binding-linux-s390x-gnu 94ms (cache miss)
1215 silly packumentCache full:https://registry.npmjs.org/@unrs%2fresolver-binding-linux-s390x-gnu set size:undefined disposed:false
1216 http fetch GET 200 https://registry.npmjs.org/@unrs%2fresolver-binding-darwin-arm64 97ms (cache miss)
1217 silly packumentCache full:https://registry.npmjs.org/@unrs%2fresolver-binding-darwin-arm64 set size:undefined disposed:false
1218 silly placeDep ROOT @rtsao/scc@1.1.0 OK for: eslint-plugin-import@2.32.0 want: ^1.1.0
1219 silly placeDep ROOT array-includes@3.1.9 OK for: eslint-plugin-import@2.32.0 want: ^3.1.9
1220 silly placeDep ROOT array.prototype.findlastindex@1.2.6 OK for: eslint-plugin-import@2.32.0 want: ^1.2.6
1221 silly placeDep ROOT array.prototype.flat@1.3.3 OK for: eslint-plugin-import@2.32.0 want: ^1.3.3
1222 silly placeDep ROOT array.prototype.flatmap@1.3.3 OK for: eslint-plugin-import@2.32.0 want: ^1.3.3
1223 silly placeDep node_modules/eslint-plugin-import debug@3.2.7 OK for: eslint-plugin-import@2.32.0 want: ^3.2.7
1224 silly placeDep ROOT doctrine@2.1.0 OK for: eslint-plugin-import@2.32.0 want: ^2.1.0
1225 silly placeDep ROOT eslint-module-utils@2.12.1 OK for: eslint-plugin-import@2.32.0 want: ^2.12.1
1226 silly placeDep ROOT hasown@2.0.2 OK for: eslint-plugin-import@2.32.0 want: ^2.0.2
1227 silly placeDep ROOT object.fromentries@2.0.8 OK for: eslint-plugin-import@2.32.0 want: ^2.0.8
1228 silly placeDep ROOT object.groupby@1.0.3 OK for: eslint-plugin-import@2.32.0 want: ^1.0.3
1229 silly placeDep ROOT object.values@1.2.1 OK for: eslint-plugin-import@2.32.0 want: ^1.2.1
1230 silly placeDep ROOT semver@6.3.1 OK for: eslint-plugin-import@2.32.0 want: ^6.3.1
1231 silly placeDep ROOT string.prototype.trimend@1.0.9 OK for: eslint-plugin-import@2.32.0 want: ^1.0.9
1232 silly placeDep ROOT tsconfig-paths@3.15.0 OK for: eslint-plugin-import@2.32.0 want: ^3.15.0
1233 silly fetch manifest call-bind@^1.0.8
1234 silly packumentCache full:https://registry.npmjs.org/call-bind cache-miss
1235 silly fetch manifest call-bound@^1.0.4
1236 silly packumentCache full:https://registry.npmjs.org/call-bound cache-miss
1237 silly fetch manifest define-properties@^1.2.1
1238 silly packumentCache full:https://registry.npmjs.org/define-properties cache-miss
1239 silly fetch manifest es-abstract@^1.24.0
1240 silly packumentCache full:https://registry.npmjs.org/es-abstract cache-miss
1241 silly fetch manifest es-object-atoms@^1.1.1
1242 silly packumentCache full:https://registry.npmjs.org/es-object-atoms cache-miss
1243 silly fetch manifest get-intrinsic@^1.3.0
1244 silly packumentCache full:https://registry.npmjs.org/get-intrinsic cache-miss
1245 silly fetch manifest is-string@^1.1.1
1246 silly packumentCache full:https://registry.npmjs.org/is-string cache-miss
1247 http fetch GET 200 https://registry.npmjs.org/call-bound 42ms (cache miss)
1248 silly packumentCache full:https://registry.npmjs.org/call-bound set size:undefined disposed:false
1249 silly fetch manifest math-intrinsics@^1.1.0
1250 silly packumentCache full:https://registry.npmjs.org/math-intrinsics cache-miss
1251 http fetch GET 200 https://registry.npmjs.org/es-object-atoms 50ms (cache miss)
1252 silly packumentCache full:https://registry.npmjs.org/es-object-atoms set size:undefined disposed:false
1253 silly fetch manifest call-bind@^1.0.8
1254 silly packumentCache full:https://registry.npmjs.org/call-bind cache-miss
1255 http fetch GET 200 https://registry.npmjs.org/is-string 53ms (cache miss)
1256 silly packumentCache full:https://registry.npmjs.org/is-string set size:undefined disposed:false
1257 silly fetch manifest define-properties@^1.2.1
1258 silly packumentCache full:https://registry.npmjs.org/define-properties cache-miss
1259 http fetch GET 200 https://registry.npmjs.org/get-intrinsic 54ms (cache miss)
1260 silly packumentCache full:https://registry.npmjs.org/get-intrinsic set size:undefined disposed:false
1261 silly fetch manifest es-abstract@^1.23.9
1262 silly packumentCache full:https://registry.npmjs.org/es-abstract cache-miss
1263 http fetch GET 200 https://registry.npmjs.org/es-abstract 56ms (cache miss)
1264 silly packumentCache full:https://registry.npmjs.org/es-abstract set size:undefined disposed:false
1265 silly fetch manifest es-errors@^1.3.0
1266 silly packumentCache full:https://registry.npmjs.org/es-errors cache-miss
1267 http fetch GET 200 https://registry.npmjs.org/define-properties 59ms (cache miss)
1268 silly packumentCache full:https://registry.npmjs.org/define-properties set size:undefined disposed:false
1269 silly fetch manifest es-shim-unscopables@^1.1.0
1270 silly packumentCache full:https://registry.npmjs.org/es-shim-unscopables cache-miss
1271 http fetch GET 200 https://registry.npmjs.org/call-bind 59ms (cache miss)
1272 silly packumentCache full:https://registry.npmjs.org/call-bind set size:undefined disposed:false
1273 silly fetch manifest es-abstract@^1.23.5
1274 silly packumentCache full:https://registry.npmjs.org/es-abstract cache-miss
1275 http cache https://registry.npmjs.org/es-abstract 2ms (cache hit)
1276 silly packumentCache full:https://registry.npmjs.org/es-abstract set size:378584 disposed:false
1277 silly fetch manifest es-shim-unscopables@^1.0.2
1278 silly packumentCache full:https://registry.npmjs.org/es-shim-unscopables cache-miss
1279 http fetch GET 200 https://registry.npmjs.org/math-intrinsics 45ms (cache miss)
1280 silly packumentCache full:https://registry.npmjs.org/math-intrinsics set size:undefined disposed:false
1281 silly fetch manifest es-shim-unscopables@^1.0.2
1282 silly packumentCache full:https://registry.npmjs.org/es-shim-unscopables cache-miss
1283 http fetch GET 200 https://registry.npmjs.org/define-properties 43ms (cache miss)
1284 silly packumentCache full:https://registry.npmjs.org/define-properties set size:undefined disposed:false
1285 silly fetch manifest function-bind@^1.1.2
1286 silly packumentCache full:https://registry.npmjs.org/function-bind cache-miss
1287 http fetch GET 200 https://registry.npmjs.org/call-bind 52ms (cache miss)
1288 silly packumentCache full:https://registry.npmjs.org/call-bind set size:undefined disposed:false
1289 silly fetch manifest call-bind@^1.0.7
1290 silly packumentCache full:https://registry.npmjs.org/call-bind cache-miss
1291 http fetch GET 200 https://registry.npmjs.org/es-shim-unscopables 45ms (cache miss)
1292 silly packumentCache full:https://registry.npmjs.org/es-shim-unscopables set size:undefined disposed:false
1293 silly fetch manifest es-abstract@^1.23.2
1294 silly packumentCache full:https://registry.npmjs.org/es-abstract cache-hit
1295 silly fetch manifest es-object-atoms@^1.0.0
1296 silly packumentCache full:https://registry.npmjs.org/es-object-atoms cache-miss
1297 http fetch GET 200 https://registry.npmjs.org/es-errors 50ms (cache miss)
1298 silly packumentCache full:https://registry.npmjs.org/es-errors set size:undefined disposed:false
1299 silly fetch manifest call-bind@^1.0.7
1300 silly packumentCache full:https://registry.npmjs.org/call-bind cache-miss
1301 http cache https://registry.npmjs.org/call-bind 11ms (cache hit)
1302 silly packumentCache full:https://registry.npmjs.org/call-bind set size:30096 disposed:false
1303 silly fetch manifest call-bound@^1.0.3
1304 silly packumentCache full:https://registry.npmjs.org/call-bound cache-miss
1305 http cache https://registry.npmjs.org/es-object-atoms 8ms (cache hit)
1306 silly packumentCache full:https://registry.npmjs.org/es-object-atoms set size:15304 disposed:false
1307 silly fetch manifest call-bound@^1.0.2
1308 silly packumentCache full:https://registry.npmjs.org/call-bound cache-miss
1309 http fetch GET 200 https://registry.npmjs.org/es-shim-unscopables 53ms (cache miss)
1310 silly packumentCache full:https://registry.npmjs.org/es-shim-unscopables set size:undefined disposed:false
1311 silly fetch manifest json5@^1.0.2
1312 silly packumentCache full:https://registry.npmjs.org/json5 cache-miss
1313 http cache https://registry.npmjs.org/call-bind 8ms (cache hit)
1314 silly packumentCache full:https://registry.npmjs.org/call-bind set size:30096 disposed:false
1315 silly packumentCache full:https://registry.npmjs.org/call-bind dispose
1316 silly fetch manifest minimist@^1.2.6
1317 silly packumentCache full:https://registry.npmjs.org/minimist cache-miss
1318 http fetch GET 200 https://registry.npmjs.org/es-abstract 65ms (cache miss)
1319 silly packumentCache full:https://registry.npmjs.org/es-abstract set size:undefined disposed:false
1320 silly packumentCache full:https://registry.npmjs.org/es-abstract dispose
1321 silly fetch manifest strip-bom@^3.0.0
1322 silly packumentCache full:https://registry.npmjs.org/strip-bom cache-miss
1323 http cache https://registry.npmjs.org/call-bound 6ms (cache hit)
1324 silly packumentCache full:https://registry.npmjs.org/call-bound set size:15317 disposed:false
1325 silly fetch manifest @types/json5@^0.0.29
1326 silly packumentCache full:https://registry.npmjs.org/@types%2fjson5 cache-miss
1327 http cache https://registry.npmjs.org/call-bound 11ms (cache hit)
1328 silly packumentCache full:https://registry.npmjs.org/call-bound set size:15317 disposed:false
1329 silly packumentCache full:https://registry.npmjs.org/call-bound dispose
1330 http fetch GET 200 https://registry.npmjs.org/es-shim-unscopables 40ms (cache miss)
1331 silly packumentCache full:https://registry.npmjs.org/es-shim-unscopables set size:undefined disposed:false
1332 http fetch GET 200 https://registry.npmjs.org/function-bind 50ms (cache miss)
1333 silly packumentCache full:https://registry.npmjs.org/function-bind set size:undefined disposed:false
1334 http fetch GET 200 https://registry.npmjs.org/minimist 43ms (cache miss)
1335 silly packumentCache full:https://registry.npmjs.org/minimist set size:undefined disposed:false
1336 http fetch GET 200 https://registry.npmjs.org/json5 45ms (cache miss)
1337 silly packumentCache full:https://registry.npmjs.org/json5 set size:undefined disposed:false
1338 http fetch GET 200 https://registry.npmjs.org/strip-bom 51ms (cache miss)
1339 silly packumentCache full:https://registry.npmjs.org/strip-bom set size:undefined disposed:false
1340 http fetch GET 200 https://registry.npmjs.org/@types%2fjson5 57ms (cache miss)
1341 silly packumentCache full:https://registry.npmjs.org/@types%2fjson5 set size:undefined disposed:false
1342 silly placeDep ROOT call-bind@1.0.8 OK for: array-includes@3.1.9 want: ^1.0.8
1343 silly placeDep ROOT call-bound@1.0.4 OK for: array-includes@3.1.9 want: ^1.0.4
1344 silly placeDep ROOT define-properties@1.2.1 OK for: array-includes@3.1.9 want: ^1.2.1
1345 silly placeDep ROOT es-abstract@1.24.1 OK for: array-includes@3.1.9 want: ^1.24.0
1346 silly placeDep ROOT es-object-atoms@1.1.1 OK for: array-includes@3.1.9 want: ^1.1.1
1347 silly placeDep ROOT get-intrinsic@1.3.0 OK for: array-includes@3.1.9 want: ^1.3.0
1348 silly placeDep ROOT is-string@1.1.1 OK for: array-includes@3.1.9 want: ^1.1.1
1349 silly placeDep ROOT math-intrinsics@1.1.0 OK for: array-includes@3.1.9 want: ^1.1.0
1350 silly fetch manifest call-bind-apply-helpers@^1.0.0
1351 silly packumentCache full:https://registry.npmjs.org/call-bind-apply-helpers cache-miss
1352 silly fetch manifest es-define-property@^1.0.0
1353 silly packumentCache full:https://registry.npmjs.org/es-define-property cache-miss
1354 silly fetch manifest get-intrinsic@^1.2.4
1355 silly packumentCache full:https://registry.npmjs.org/get-intrinsic cache-miss
1356 silly fetch manifest set-function-length@^1.2.2
1357 silly packumentCache full:https://registry.npmjs.org/set-function-length cache-miss
1358 silly fetch manifest call-bind-apply-helpers@^1.0.2
1359 silly packumentCache full:https://registry.npmjs.org/call-bind-apply-helpers cache-miss
1360 silly fetch manifest define-data-property@^1.0.1
1361 silly packumentCache full:https://registry.npmjs.org/define-data-property cache-miss
1362 silly fetch manifest has-property-descriptors@^1.0.0
1363 silly packumentCache full:https://registry.npmjs.org/has-property-descriptors cache-miss
1364 http cache https://registry.npmjs.org/get-intrinsic 3ms (cache hit)
1365 silly packumentCache full:https://registry.npmjs.org/get-intrinsic set size:60985 disposed:false
1366 silly fetch manifest object-keys@^1.1.1
1367 silly packumentCache full:https://registry.npmjs.org/object-keys cache-miss
1368 http fetch GET 200 https://registry.npmjs.org/has-property-descriptors 41ms (cache miss)
1369 silly packumentCache full:https://registry.npmjs.org/has-property-descriptors set size:undefined disposed:false
1370 silly fetch manifest array-buffer-byte-length@^1.0.2
1371 silly packumentCache full:https://registry.npmjs.org/array-buffer-byte-length cache-miss
1372 http fetch GET 200 https://registry.npmjs.org/define-data-property 46ms (cache miss)
1373 silly packumentCache full:https://registry.npmjs.org/define-data-property set size:undefined disposed:false
1374 silly fetch manifest arraybuffer.prototype.slice@^1.0.4
1375 silly packumentCache full:https://registry.npmjs.org/arraybuffer.prototype.slice cache-miss
1376 http fetch GET 200 https://registry.npmjs.org/call-bind-apply-helpers 48ms (cache miss)
1377 silly packumentCache full:https://registry.npmjs.org/call-bind-apply-helpers set size:undefined disposed:false
1378 silly fetch manifest available-typed-arrays@^1.0.7
1379 silly packumentCache full:https://registry.npmjs.org/available-typed-arrays cache-miss
1380 http fetch GET 200 https://registry.npmjs.org/es-define-property 48ms (cache miss)
1381 silly packumentCache full:https://registry.npmjs.org/es-define-property set size:undefined disposed:false
1382 silly fetch manifest data-view-buffer@^1.0.2
1383 silly packumentCache full:https://registry.npmjs.org/data-view-buffer cache-miss
1384 http fetch GET 200 https://registry.npmjs.org/call-bind-apply-helpers 49ms (cache miss)
1385 silly packumentCache full:https://registry.npmjs.org/call-bind-apply-helpers set size:undefined disposed:false
1386 silly fetch manifest data-view-byte-length@^1.0.2
1387 silly packumentCache full:https://registry.npmjs.org/data-view-byte-length cache-miss
1388 http fetch GET 200 https://registry.npmjs.org/set-function-length 51ms (cache miss)
1389 silly packumentCache full:https://registry.npmjs.org/set-function-length set size:undefined disposed:false
1390 silly fetch manifest data-view-byte-offset@^1.0.1
1391 silly packumentCache full:https://registry.npmjs.org/data-view-byte-offset cache-miss
1392 http fetch GET 200 https://registry.npmjs.org/object-keys 49ms (cache miss)
1393 silly packumentCache full:https://registry.npmjs.org/object-keys set size:undefined disposed:false
1394 silly fetch manifest es-define-property@^1.0.1
1395 silly packumentCache full:https://registry.npmjs.org/es-define-property cache-miss
1396 http cache https://registry.npmjs.org/es-define-property 2ms (cache hit)
1397 silly packumentCache full:https://registry.npmjs.org/es-define-property set size:8542 disposed:false
1398 silly fetch manifest es-set-tostringtag@^2.1.0
1399 silly packumentCache full:https://registry.npmjs.org/es-set-tostringtag cache-miss
1400 http fetch GET 200 https://registry.npmjs.org/array-buffer-byte-length 48ms (cache miss)
1401 silly packumentCache full:https://registry.npmjs.org/array-buffer-byte-length set size:undefined disposed:false
1402 silly fetch manifest es-to-primitive@^1.3.0
1403 silly packumentCache full:https://registry.npmjs.org/es-to-primitive cache-miss
1404 http fetch GET 200 https://registry.npmjs.org/data-view-byte-length 41ms (cache miss)
1405 silly packumentCache full:https://registry.npmjs.org/data-view-byte-length set size:undefined disposed:false
1406 silly fetch manifest function.prototype.name@^1.1.8
1407 silly packumentCache full:https://registry.npmjs.org/function.prototype.name cache-miss
1408 http fetch GET 200 https://registry.npmjs.org/arraybuffer.prototype.slice 45ms (cache miss)
1409 silly packumentCache full:https://registry.npmjs.org/arraybuffer.prototype.slice set size:undefined disposed:false
1410 silly fetch manifest get-proto@^1.0.1
1411 silly packumentCache full:https://registry.npmjs.org/get-proto cache-miss
1412 http fetch GET 200 https://registry.npmjs.org/available-typed-arrays 45ms (cache miss)
1413 silly packumentCache full:https://registry.npmjs.org/available-typed-arrays set size:undefined disposed:false
1414 silly fetch manifest get-symbol-description@^1.1.0
1415 silly packumentCache full:https://registry.npmjs.org/get-symbol-description cache-miss
1416 http fetch GET 200 https://registry.npmjs.org/data-view-byte-offset 43ms (cache miss)
1417 silly packumentCache full:https://registry.npmjs.org/data-view-byte-offset set size:undefined disposed:false
1418 silly fetch manifest globalthis@^1.0.4
1419 silly packumentCache full:https://registry.npmjs.org/globalthis cache-miss
1420 http fetch GET 200 https://registry.npmjs.org/data-view-buffer 46ms (cache miss)
1421 silly packumentCache full:https://registry.npmjs.org/data-view-buffer set size:undefined disposed:false
1422 silly fetch manifest gopd@^1.2.0
1423 silly packumentCache full:https://registry.npmjs.org/gopd cache-miss
1424 http fetch GET 200 https://registry.npmjs.org/es-set-tostringtag 46ms (cache miss)
1425 silly packumentCache full:https://registry.npmjs.org/es-set-tostringtag set size:undefined disposed:false
1426 silly fetch manifest has-property-descriptors@^1.0.2
1427 silly packumentCache full:https://registry.npmjs.org/has-property-descriptors cache-miss
1428 http cache https://registry.npmjs.org/has-property-descriptors 1ms (cache hit)
1429 silly packumentCache full:https://registry.npmjs.org/has-property-descriptors set size:12452 disposed:false
1430 silly fetch manifest has-proto@^1.2.0
1431 silly packumentCache full:https://registry.npmjs.org/has-proto cache-miss
1432 http fetch GET 200 https://registry.npmjs.org/es-to-primitive 43ms (cache miss)
1433 silly packumentCache full:https://registry.npmjs.org/es-to-primitive set size:undefined disposed:false
1434 silly fetch manifest has-symbols@^1.1.0
1435 silly packumentCache full:https://registry.npmjs.org/has-symbols cache-miss
1436 http fetch GET 200 https://registry.npmjs.org/get-symbol-description 41ms (cache miss)
1437 silly packumentCache full:https://registry.npmjs.org/get-symbol-description set size:undefined disposed:false
1438 silly fetch manifest internal-slot@^1.1.0
1439 silly packumentCache full:https://registry.npmjs.org/internal-slot cache-miss
1440 http fetch GET 200 https://registry.npmjs.org/function.prototype.name 44ms (cache miss)
1441 silly packumentCache full:https://registry.npmjs.org/function.prototype.name set size:undefined disposed:false
1442 silly fetch manifest is-array-buffer@^3.0.5
1443 silly packumentCache full:https://registry.npmjs.org/is-array-buffer cache-miss
1444 http fetch GET 200 https://registry.npmjs.org/globalthis 50ms (cache miss)
1445 silly packumentCache full:https://registry.npmjs.org/globalthis set size:undefined disposed:false
1446 silly fetch manifest is-callable@^1.2.7
1447 silly packumentCache full:https://registry.npmjs.org/is-callable cache-miss
1448 http fetch GET 200 https://registry.npmjs.org/gopd 50ms (cache miss)
1449 silly packumentCache full:https://registry.npmjs.org/gopd set size:undefined disposed:false
1450 silly fetch manifest is-data-view@^1.0.2
1451 silly packumentCache full:https://registry.npmjs.org/is-data-view cache-miss
1452 http fetch GET 200 https://registry.npmjs.org/get-proto 56ms (cache miss)
1453 silly packumentCache full:https://registry.npmjs.org/get-proto set size:undefined disposed:false
1454 silly fetch manifest is-negative-zero@^2.0.3
1455 silly packumentCache full:https://registry.npmjs.org/is-negative-zero cache-miss
1456 http fetch GET 200 https://registry.npmjs.org/has-proto 48ms (cache miss)
1457 silly packumentCache full:https://registry.npmjs.org/has-proto set size:undefined disposed:false
1458 silly fetch manifest is-regex@^1.2.1
1459 silly packumentCache full:https://registry.npmjs.org/is-regex cache-miss
1460 http fetch GET 200 https://registry.npmjs.org/has-symbols 40ms (cache miss)
1461 silly packumentCache full:https://registry.npmjs.org/has-symbols set size:undefined disposed:false
1462 silly fetch manifest is-set@^2.0.3
1463 silly packumentCache full:https://registry.npmjs.org/is-set cache-miss
1464 http fetch GET 200 https://registry.npmjs.org/is-array-buffer 40ms (cache miss)
1465 silly packumentCache full:https://registry.npmjs.org/is-array-buffer set size:undefined disposed:false
1466 silly fetch manifest is-shared-array-buffer@^1.0.4
1467 silly packumentCache full:https://registry.npmjs.org/is-shared-array-buffer cache-miss
1468 http fetch GET 200 https://registry.npmjs.org/is-data-view 42ms (cache miss)
1469 silly packumentCache full:https://registry.npmjs.org/is-data-view set size:undefined disposed:false
1470 silly fetch manifest is-typed-array@^1.1.15
1471 silly packumentCache full:https://registry.npmjs.org/is-typed-array cache-miss
1472 http fetch GET 200 https://registry.npmjs.org/is-negative-zero 42ms (cache miss)
1473 silly packumentCache full:https://registry.npmjs.org/is-negative-zero set size:undefined disposed:false
1474 silly fetch manifest is-weakref@^1.1.1
1475 silly packumentCache full:https://registry.npmjs.org/is-weakref cache-miss
1476 http fetch GET 200 https://registry.npmjs.org/is-regex 44ms (cache miss)
1477 silly packumentCache full:https://registry.npmjs.org/is-regex set size:undefined disposed:false
1478 silly fetch manifest object-inspect@^1.13.4
1479 silly packumentCache full:https://registry.npmjs.org/object-inspect cache-miss
1480 http fetch GET 200 https://registry.npmjs.org/is-callable 56ms (cache miss)
1481 silly packumentCache full:https://registry.npmjs.org/is-callable set size:undefined disposed:false
1482 silly fetch manifest object.assign@^4.1.7
1483 silly packumentCache full:https://registry.npmjs.org/object.assign cache-miss
1484 http fetch GET 200 https://registry.npmjs.org/is-shared-array-buffer 50ms (cache miss)
1485 silly packumentCache full:https://registry.npmjs.org/is-shared-array-buffer set size:undefined disposed:false
1486 silly fetch manifest own-keys@^1.0.1
1487 silly packumentCache full:https://registry.npmjs.org/own-keys cache-miss
1488 http fetch GET 200 https://registry.npmjs.org/is-set 51ms (cache miss)
1489 silly packumentCache full:https://registry.npmjs.org/is-set set size:undefined disposed:false
1490 silly fetch manifest regexp.prototype.flags@^1.5.4
1491 silly packumentCache full:https://registry.npmjs.org/regexp.prototype.flags cache-miss
1492 http fetch GET 200 https://registry.npmjs.org/internal-slot 92ms (cache miss)
1493 silly packumentCache full:https://registry.npmjs.org/internal-slot set size:undefined disposed:false
1494 silly fetch manifest safe-array-concat@^1.1.3
1495 silly packumentCache full:https://registry.npmjs.org/safe-array-concat cache-miss
1496 http fetch GET 200 https://registry.npmjs.org/is-typed-array 41ms (cache miss)
1497 silly packumentCache full:https://registry.npmjs.org/is-typed-array set size:undefined disposed:false
1498 silly fetch manifest safe-push-apply@^1.0.0
1499 silly packumentCache full:https://registry.npmjs.org/safe-push-apply cache-miss
1500 http fetch GET 200 https://registry.npmjs.org/is-weakref 54ms (cache miss)
1501 silly packumentCache full:https://registry.npmjs.org/is-weakref set size:undefined disposed:false
1502 silly fetch manifest safe-regex-test@^1.1.0
1503 silly packumentCache full:https://registry.npmjs.org/safe-regex-test cache-miss
1504 http cache https://registry.npmjs.org/safe-regex-test 2ms (cache hit)
1505 silly packumentCache full:https://registry.npmjs.org/safe-regex-test set size:17412 disposed:false
1506 silly fetch manifest set-proto@^1.0.0
1507 silly packumentCache full:https://registry.npmjs.org/set-proto cache-miss
1508 http fetch GET 200 https://registry.npmjs.org/object.assign 47ms (cache miss)
1509 silly packumentCache full:https://registry.npmjs.org/object.assign set size:undefined disposed:false
1510 silly fetch manifest stop-iteration-iterator@^1.1.0
1511 silly packumentCache full:https://registry.npmjs.org/stop-iteration-iterator cache-miss
1512 http fetch GET 200 https://registry.npmjs.org/object-inspect 66ms (cache miss)
1513 silly packumentCache full:https://registry.npmjs.org/object-inspect set size:undefined disposed:false
1514 silly fetch manifest string.prototype.trim@^1.2.10
1515 silly packumentCache full:https://registry.npmjs.org/string.prototype.trim cache-miss
1516 http fetch GET 200 https://registry.npmjs.org/safe-array-concat 43ms (cache miss)
1517 silly packumentCache full:https://registry.npmjs.org/safe-array-concat set size:undefined disposed:false
1518 silly fetch manifest string.prototype.trimstart@^1.0.8
1519 silly packumentCache full:https://registry.npmjs.org/string.prototype.trimstart cache-miss
1520 http fetch GET 200 https://registry.npmjs.org/regexp.prototype.flags 44ms (cache miss)
1521 silly packumentCache full:https://registry.npmjs.org/regexp.prototype.flags set size:undefined disposed:false
1522 silly fetch manifest typed-array-buffer@^1.0.3
1523 silly packumentCache full:https://registry.npmjs.org/typed-array-buffer cache-miss
1524 http fetch GET 200 https://registry.npmjs.org/own-keys 47ms (cache miss)
1525 silly packumentCache full:https://registry.npmjs.org/own-keys set size:undefined disposed:false
1526 silly fetch manifest typed-array-byte-length@^1.0.3
1527 silly packumentCache full:https://registry.npmjs.org/typed-array-byte-length cache-miss
1528 http fetch GET 200 https://registry.npmjs.org/safe-push-apply 43ms (cache miss)
1529 silly packumentCache full:https://registry.npmjs.org/safe-push-apply set size:undefined disposed:false
1530 silly fetch manifest typed-array-byte-offset@^1.0.4
1531 silly packumentCache full:https://registry.npmjs.org/typed-array-byte-offset cache-miss
1532 http fetch GET 200 https://registry.npmjs.org/stop-iteration-iterator 48ms (cache miss)
1533 silly packumentCache full:https://registry.npmjs.org/stop-iteration-iterator set size:undefined disposed:false
1534 silly fetch manifest typed-array-length@^1.0.7
1535 silly packumentCache full:https://registry.npmjs.org/typed-array-length cache-miss
1536 http fetch GET 200 https://registry.npmjs.org/set-proto 53ms (cache miss)
1537 silly packumentCache full:https://registry.npmjs.org/set-proto set size:undefined disposed:false
1538 silly fetch manifest unbox-primitive@^1.1.0
1539 silly packumentCache full:https://registry.npmjs.org/unbox-primitive cache-miss
1540 http fetch GET 200 https://registry.npmjs.org/string.prototype.trim 52ms (cache miss)
1541 silly packumentCache full:https://registry.npmjs.org/string.prototype.trim set size:undefined disposed:false
1542 silly fetch manifest which-typed-array@^1.1.19
1543 silly packumentCache full:https://registry.npmjs.org/which-typed-array cache-miss
1544 http fetch GET 200 https://registry.npmjs.org/string.prototype.trimstart 42ms (cache miss)
1545 silly packumentCache full:https://registry.npmjs.org/string.prototype.trimstart set size:undefined disposed:false
1546 silly fetch manifest has-tostringtag@^1.0.2
1547 silly packumentCache full:https://registry.npmjs.org/has-tostringtag cache-miss
1548 http fetch GET 200 https://registry.npmjs.org/typed-array-byte-length 43ms (cache miss)
1549 silly packumentCache full:https://registry.npmjs.org/typed-array-byte-length set size:undefined disposed:false
1550 http fetch GET 200 https://registry.npmjs.org/typed-array-buffer 46ms (cache miss)
1551 silly packumentCache full:https://registry.npmjs.org/typed-array-buffer set size:undefined disposed:false
1552 http fetch GET 200 https://registry.npmjs.org/typed-array-byte-offset 45ms (cache miss)
1553 silly packumentCache full:https://registry.npmjs.org/typed-array-byte-offset set size:undefined disposed:false
1554 http fetch GET 200 https://registry.npmjs.org/unbox-primitive 42ms (cache miss)
1555 silly packumentCache full:https://registry.npmjs.org/unbox-primitive set size:undefined disposed:false
1556 http fetch GET 200 https://registry.npmjs.org/typed-array-length 48ms (cache miss)
1557 silly packumentCache full:https://registry.npmjs.org/typed-array-length set size:undefined disposed:false
1558 http fetch GET 200 https://registry.npmjs.org/has-tostringtag 40ms (cache miss)
1559 silly packumentCache full:https://registry.npmjs.org/has-tostringtag set size:undefined disposed:false
1560 http fetch GET 200 https://registry.npmjs.org/which-typed-array 56ms (cache miss)
1561 silly packumentCache full:https://registry.npmjs.org/which-typed-array set size:undefined disposed:false
1562 silly placeDep ROOT es-errors@1.3.0 OK for: array.prototype.findlastindex@1.2.6 want: ^1.3.0
1563 silly placeDep ROOT es-shim-unscopables@1.1.0 OK for: array.prototype.findlastindex@1.2.6 want: ^1.1.0
1564 silly placeDep ROOT call-bind-apply-helpers@1.0.2 OK for: call-bind@1.0.8 want: ^1.0.0
1565 silly placeDep ROOT es-define-property@1.0.1 OK for: call-bind@1.0.8 want: ^1.0.0
1566 silly placeDep ROOT set-function-length@1.2.2 OK for: call-bind@1.0.8 want: ^1.2.2
1567 silly fetch manifest define-data-property@^1.1.4
1568 silly packumentCache full:https://registry.npmjs.org/define-data-property cache-miss
1569 silly fetch manifest gopd@^1.0.1
1570 silly packumentCache full:https://registry.npmjs.org/gopd cache-miss
1571 http cache https://registry.npmjs.org/gopd 1ms (cache hit)
1572 silly packumentCache full:https://registry.npmjs.org/gopd set size:11458 disposed:false
1573 http cache https://registry.npmjs.org/define-data-property 2ms (cache hit)
1574 silly packumentCache full:https://registry.npmjs.org/define-data-property set size:28048 disposed:false
1575 silly placeDep ROOT function-bind@1.1.2 OK for: call-bind-apply-helpers@1.0.2 want: ^1.1.2
1576 silly placeDep ROOT define-data-property@1.1.4 OK for: define-properties@1.2.1 want: ^1.0.1
1577 silly placeDep ROOT has-property-descriptors@1.0.2 OK for: define-properties@1.2.1 want: ^1.0.0
1578 silly placeDep ROOT object-keys@1.1.1 OK for: define-properties@1.2.1 want: ^1.1.1
1579 silly placeDep ROOT gopd@1.2.0 OK for: define-data-property@1.1.4 want: ^1.0.1
1580 silly placeDep ROOT array-buffer-byte-length@1.0.2 OK for: es-abstract@1.24.1 want: ^1.0.2
1581 silly placeDep ROOT arraybuffer.prototype.slice@1.0.4 OK for: es-abstract@1.24.1 want: ^1.0.4
1582 silly placeDep ROOT available-typed-arrays@1.0.7 OK for: es-abstract@1.24.1 want: ^1.0.7
1583 silly placeDep ROOT data-view-buffer@1.0.2 OK for: es-abstract@1.24.1 want: ^1.0.2
1584 silly placeDep ROOT data-view-byte-length@1.0.2 OK for: es-abstract@1.24.1 want: ^1.0.2
1585 silly placeDep ROOT data-view-byte-offset@1.0.1 OK for: es-abstract@1.24.1 want: ^1.0.1
1586 silly placeDep ROOT es-set-tostringtag@2.1.0 OK for: es-abstract@1.24.1 want: ^2.1.0
1587 silly placeDep ROOT es-to-primitive@1.3.0 OK for: es-abstract@1.24.1 want: ^1.3.0
1588 silly placeDep ROOT function.prototype.name@1.1.8 OK for: es-abstract@1.24.1 want: ^1.1.8
1589 silly placeDep ROOT get-proto@1.0.1 OK for: es-abstract@1.24.1 want: ^1.0.1
1590 silly placeDep ROOT get-symbol-description@1.1.0 OK for: es-abstract@1.24.1 want: ^1.1.0
1591 silly placeDep ROOT globalthis@1.0.4 OK for: es-abstract@1.24.1 want: ^1.0.4
1592 silly placeDep ROOT has-proto@1.2.0 OK for: es-abstract@1.24.1 want: ^1.2.0
1593 silly placeDep ROOT has-symbols@1.1.0 OK for: es-abstract@1.24.1 want: ^1.1.0
1594 silly placeDep ROOT internal-slot@1.1.0 OK for: es-abstract@1.24.1 want: ^1.1.0
1595 silly placeDep ROOT is-array-buffer@3.0.5 OK for: es-abstract@1.24.1 want: ^3.0.5
1596 silly placeDep ROOT is-callable@1.2.7 OK for: es-abstract@1.24.1 want: ^1.2.7
1597 silly placeDep ROOT is-data-view@1.0.2 OK for: es-abstract@1.24.1 want: ^1.0.2
1598 silly placeDep ROOT is-negative-zero@2.0.3 OK for: es-abstract@1.24.1 want: ^2.0.3
1599 silly placeDep ROOT is-regex@1.2.1 OK for: es-abstract@1.24.1 want: ^1.2.1
1600 silly placeDep ROOT is-set@2.0.3 OK for: es-abstract@1.24.1 want: ^2.0.3
1601 silly placeDep ROOT is-shared-array-buffer@1.0.4 OK for: es-abstract@1.24.1 want: ^1.0.4
1602 silly placeDep ROOT is-typed-array@1.1.15 OK for: es-abstract@1.24.1 want: ^1.1.15
1603 silly placeDep ROOT is-weakref@1.1.1 OK for: es-abstract@1.24.1 want: ^1.1.1
1604 silly placeDep ROOT object-inspect@1.13.4 OK for: es-abstract@1.24.1 want: ^1.13.4
1605 silly placeDep ROOT object.assign@4.1.7 OK for: es-abstract@1.24.1 want: ^4.1.7
1606 silly placeDep ROOT own-keys@1.0.1 OK for: es-abstract@1.24.1 want: ^1.0.1
1607 silly placeDep ROOT regexp.prototype.flags@1.5.4 OK for: es-abstract@1.24.1 want: ^1.5.4
1608 silly placeDep ROOT safe-array-concat@1.1.3 OK for: es-abstract@1.24.1 want: ^1.1.3
1609 silly placeDep ROOT safe-push-apply@1.0.0 OK for: es-abstract@1.24.1 want: ^1.0.0
1610 silly placeDep ROOT safe-regex-test@1.1.0 OK for: es-abstract@1.24.1 want: ^1.1.0
1611 silly placeDep ROOT set-proto@1.0.0 OK for: es-abstract@1.24.1 want: ^1.0.0
1612 silly placeDep ROOT stop-iteration-iterator@1.1.0 OK for: es-abstract@1.24.1 want: ^1.1.0
1613 silly placeDep ROOT string.prototype.trim@1.2.10 OK for: es-abstract@1.24.1 want: ^1.2.10
1614 silly placeDep ROOT string.prototype.trimstart@1.0.8 OK for: es-abstract@1.24.1 want: ^1.0.8
1615 silly placeDep ROOT typed-array-buffer@1.0.3 OK for: es-abstract@1.24.1 want: ^1.0.3
1616 silly placeDep ROOT typed-array-byte-length@1.0.3 OK for: es-abstract@1.24.1 want: ^1.0.3
1617 silly placeDep ROOT typed-array-byte-offset@1.0.4 OK for: es-abstract@1.24.1 want: ^1.0.4
1618 silly placeDep ROOT typed-array-length@1.0.7 OK for: es-abstract@1.24.1 want: ^1.0.7
1619 silly placeDep ROOT unbox-primitive@1.1.0 OK for: es-abstract@1.24.1 want: ^1.1.0
1620 silly placeDep ROOT which-typed-array@1.1.20 OK for: es-abstract@1.24.1 want: ^1.1.19
1621 silly fetch manifest is-array-buffer@^3.0.4
1622 silly packumentCache full:https://registry.npmjs.org/is-array-buffer cache-miss
1623 silly fetch manifest possible-typed-array-names@^1.0.0
1624 silly packumentCache full:https://registry.npmjs.org/possible-typed-array-names cache-miss
1625 silly fetch manifest is-data-view@^1.0.1
1626 silly packumentCache full:https://registry.npmjs.org/is-data-view cache-miss
1627 silly fetch manifest is-date-object@^1.0.5
1628 silly packumentCache full:https://registry.npmjs.org/is-date-object cache-miss
1629 silly fetch manifest is-symbol@^1.0.4
1630 silly packumentCache full:https://registry.npmjs.org/is-symbol cache-miss
1631 silly fetch manifest functions-have-names@^1.2.3
1632 silly packumentCache full:https://registry.npmjs.org/functions-have-names cache-miss
1633 silly fetch manifest dunder-proto@^1.0.1
1634 silly packumentCache full:https://registry.npmjs.org/dunder-proto cache-miss
1635 http cache https://registry.npmjs.org/is-array-buffer 4ms (cache hit)
1636 silly packumentCache full:https://registry.npmjs.org/is-array-buffer set size:33562 disposed:false
1637 silly fetch manifest dunder-proto@^1.0.0
1638 silly packumentCache full:https://registry.npmjs.org/dunder-proto cache-miss
1639 http cache https://registry.npmjs.org/is-data-view 4ms (cache hit)
1640 silly packumentCache full:https://registry.npmjs.org/is-data-view set size:13756 disposed:false
1641 silly fetch manifest side-channel@^1.1.0
1642 silly packumentCache full:https://registry.npmjs.org/side-channel cache-miss
1643 http fetch GET 200 https://registry.npmjs.org/is-date-object 41ms (cache miss)
1644 silly packumentCache full:https://registry.npmjs.org/is-date-object set size:undefined disposed:false
1645 silly fetch manifest is-typed-array@^1.1.13
1646 silly packumentCache full:https://registry.npmjs.org/is-typed-array cache-miss
1647 http fetch GET 200 https://registry.npmjs.org/functions-have-names 43ms (cache miss)
1648 silly packumentCache full:https://registry.npmjs.org/functions-have-names set size:undefined disposed:false
1649 silly fetch manifest which-typed-array@^1.1.16
1650 silly packumentCache full:https://registry.npmjs.org/which-typed-array cache-miss
1651 http fetch GET 200 https://registry.npmjs.org/possible-typed-array-names 47ms (cache miss)
1652 silly packumentCache full:https://registry.npmjs.org/possible-typed-array-names set size:undefined disposed:false
1653 silly fetch manifest set-function-name@^2.0.2
1654 silly packumentCache full:https://registry.npmjs.org/set-function-name cache-miss
1655 http fetch GET 200 https://registry.npmjs.org/is-symbol 47ms (cache miss)
1656 silly packumentCache full:https://registry.npmjs.org/is-symbol set size:undefined disposed:false
1657 silly fetch manifest isarray@^2.0.5
1658 silly packumentCache full:https://registry.npmjs.org/isarray cache-miss
1659 http cache https://registry.npmjs.org/is-typed-array 7ms (cache hit)
1660 silly packumentCache full:https://registry.npmjs.org/is-typed-array set size:79965 disposed:false
1661 silly fetch manifest isarray@^2.0.5
1662 silly packumentCache full:https://registry.npmjs.org/isarray cache-miss
1663 http fetch GET 200 https://registry.npmjs.org/dunder-proto 53ms (cache miss)
1664 silly packumentCache full:https://registry.npmjs.org/dunder-proto set size:undefined disposed:false
1665 silly fetch manifest for-each@^0.3.3
1666 silly packumentCache full:https://registry.npmjs.org/for-each cache-miss
1667 http fetch GET 200 https://registry.npmjs.org/dunder-proto 51ms (cache miss)
1668 silly packumentCache full:https://registry.npmjs.org/dunder-proto set size:undefined disposed:false
1669 silly fetch manifest for-each@^0.3.3
1670 silly packumentCache full:https://registry.npmjs.org/for-each cache-miss
1671 http cache https://registry.npmjs.org/which-typed-array 13ms (cache hit)
1672 silly packumentCache full:https://registry.npmjs.org/which-typed-array set size:93605 disposed:false
1673 silly fetch manifest reflect.getprototypeof@^1.0.9
1674 silly packumentCache full:https://registry.npmjs.org/reflect.getprototypeof cache-miss
1675 http fetch GET 200 https://registry.npmjs.org/side-channel 53ms (cache miss)
1676 silly packumentCache full:https://registry.npmjs.org/side-channel set size:undefined disposed:false
1677 silly fetch manifest for-each@^0.3.3
1678 silly packumentCache full:https://registry.npmjs.org/for-each cache-miss
1679 http fetch GET 200 https://registry.npmjs.org/set-function-name 41ms (cache miss)
1680 silly packumentCache full:https://registry.npmjs.org/set-function-name set size:undefined disposed:false
1681 silly fetch manifest reflect.getprototypeof@^1.0.6
1682 silly packumentCache full:https://registry.npmjs.org/reflect.getprototypeof cache-miss
1683 http fetch GET 200 https://registry.npmjs.org/isarray 40ms (cache miss)
1684 silly packumentCache full:https://registry.npmjs.org/isarray set size:undefined disposed:false
1685 silly fetch manifest has-bigints@^1.0.2
1686 silly packumentCache full:https://registry.npmjs.org/has-bigints cache-miss
1687 http fetch GET 200 https://registry.npmjs.org/isarray 42ms (cache miss)
1688 silly packumentCache full:https://registry.npmjs.org/isarray set size:undefined disposed:false
1689 silly fetch manifest which-boxed-primitive@^1.1.1
1690 silly packumentCache full:https://registry.npmjs.org/which-boxed-primitive cache-miss
1691 http fetch GET 200 https://registry.npmjs.org/for-each 44ms (cache miss)
1692 silly packumentCache full:https://registry.npmjs.org/for-each set size:undefined disposed:false
1693 silly fetch manifest for-each@^0.3.5
1694 silly packumentCache full:https://registry.npmjs.org/for-each cache-miss
1695 http fetch GET 200 https://registry.npmjs.org/for-each 44ms (cache miss)
1696 silly packumentCache full:https://registry.npmjs.org/for-each set size:undefined disposed:false
1697 http cache https://registry.npmjs.org/for-each 1ms (cache hit)
1698 silly packumentCache full:https://registry.npmjs.org/for-each set size:14327 disposed:false
1699 http fetch GET 200 https://registry.npmjs.org/for-each 49ms (cache miss)
1700 silly packumentCache full:https://registry.npmjs.org/for-each set size:undefined disposed:false
1701 silly packumentCache full:https://registry.npmjs.org/for-each dispose
1702 http fetch GET 200 https://registry.npmjs.org/reflect.getprototypeof 51ms (cache miss)
1703 silly packumentCache full:https://registry.npmjs.org/reflect.getprototypeof set size:undefined disposed:false
1704 http fetch GET 200 https://registry.npmjs.org/reflect.getprototypeof 39ms (cache miss)
1705 silly packumentCache full:https://registry.npmjs.org/reflect.getprototypeof set size:undefined disposed:false
1706 http fetch GET 200 https://registry.npmjs.org/has-bigints 39ms (cache miss)
1707 silly packumentCache full:https://registry.npmjs.org/has-bigints set size:undefined disposed:false
1708 http fetch GET 200 https://registry.npmjs.org/which-boxed-primitive 42ms (cache miss)
1709 silly packumentCache full:https://registry.npmjs.org/which-boxed-primitive set size:undefined disposed:false
1710 silly placeDep ROOT possible-typed-array-names@1.1.0 OK for: available-typed-arrays@1.0.7 want: ^1.0.0
1711 silly placeDep ROOT has-tostringtag@1.0.2 OK for: es-set-tostringtag@2.1.0 want: ^1.0.2
1712 silly placeDep ROOT is-date-object@1.1.0 OK for: es-to-primitive@1.3.0 want: ^1.0.5
1713 silly placeDep ROOT is-symbol@1.1.1 OK for: es-to-primitive@1.3.0 want: ^1.0.4
1714 silly placeDep node_modules/eslint-module-utils debug@3.2.7 OK for: eslint-module-utils@2.12.1 want: ^3.2.7
1715 silly placeDep ROOT aria-query@5.3.2 OK for: eslint-plugin-jsx-a11y@6.10.2 want: ^5.3.2
1716 silly placeDep ROOT ast-types-flow@0.0.8 OK for: eslint-plugin-jsx-a11y@6.10.2 want: ^0.0.8
1717 silly placeDep ROOT axe-core@4.11.1 OK for: eslint-plugin-jsx-a11y@6.10.2 want: ^4.10.0
1718 silly placeDep ROOT axobject-query@4.1.0 OK for: eslint-plugin-jsx-a11y@6.10.2 want: ^4.1.0
1719 silly placeDep ROOT damerau-levenshtein@1.0.8 OK for: eslint-plugin-jsx-a11y@6.10.2 want: ^1.0.8
1720 silly placeDep ROOT emoji-regex@9.2.2 OK for: eslint-plugin-jsx-a11y@6.10.2 want: ^9.2.2
1721 silly placeDep ROOT jsx-ast-utils@3.3.5 OK for: eslint-plugin-jsx-a11y@6.10.2 want: ^3.3.5
1722 silly placeDep ROOT language-tags@1.0.9 OK for: eslint-plugin-jsx-a11y@6.10.2 want: ^1.0.9
1723 silly placeDep ROOT string.prototype.includes@2.0.1 OK for: eslint-plugin-jsx-a11y@6.10.2 want: ^2.0.1
1724 silly fetch manifest language-subtag-registry@^0.3.20
1725 silly packumentCache full:https://registry.npmjs.org/language-subtag-registry cache-miss
1726 http fetch GET 200 https://registry.npmjs.org/language-subtag-registry 51ms (cache miss)
1727 silly packumentCache full:https://registry.npmjs.org/language-subtag-registry set size:undefined disposed:false
1728 silly placeDep ROOT array.prototype.findlast@1.2.5 OK for: eslint-plugin-react@7.37.5 want: ^1.2.5
1729 silly placeDep ROOT array.prototype.tosorted@1.1.4 OK for: eslint-plugin-react@7.37.5 want: ^1.1.4
1730 silly placeDep ROOT es-iterator-helpers@1.3.1 OK for: eslint-plugin-react@7.37.5 want: ^1.2.1
1731 silly placeDep ROOT estraverse@5.3.0 OK for: eslint-plugin-react@7.37.5 want: ^5.3.0
1732 silly placeDep ROOT object.entries@1.1.9 OK for: eslint-plugin-react@7.37.5 want: ^1.1.9
1733 silly placeDep ROOT prop-types@15.8.1 OK for: eslint-plugin-react@7.37.5 want: ^15.8.1
1734 silly placeDep node_modules/eslint-plugin-react resolve@2.0.0-next.6 OK for: eslint-plugin-react@7.37.5 want: ^2.0.0-next.5
1735 silly placeDep ROOT string.prototype.matchall@4.0.12 OK for: eslint-plugin-react@7.37.5 want: ^4.0.12
1736 silly placeDep ROOT string.prototype.repeat@1.0.0 OK for: eslint-plugin-react@7.37.5 want: ^1.0.0
1737 silly fetch manifest iterator.prototype@^1.1.5
1738 silly packumentCache full:https://registry.npmjs.org/iterator.prototype cache-miss
1739 silly fetch manifest loose-envify@^1.4.0
1740 silly packumentCache full:https://registry.npmjs.org/loose-envify cache-miss
1741 silly fetch manifest object-assign@^4.1.1
1742 silly packumentCache full:https://registry.npmjs.org/object-assign cache-miss
1743 silly fetch manifest react-is@^16.13.1
1744 silly packumentCache full:https://registry.npmjs.org/react-is cache-miss
1745 silly fetch manifest node-exports-info@^1.6.0
1746 silly packumentCache full:https://registry.npmjs.org/node-exports-info cache-miss
1747 http fetch GET 200 https://registry.npmjs.org/iterator.prototype 44ms (cache miss)
1748 silly packumentCache full:https://registry.npmjs.org/iterator.prototype set size:undefined disposed:false
1749 http fetch GET 200 https://registry.npmjs.org/node-exports-info 50ms (cache miss)
1750 silly packumentCache full:https://registry.npmjs.org/node-exports-info set size:undefined disposed:false
1751 http fetch GET 200 https://registry.npmjs.org/loose-envify 62ms (cache miss)
1752 silly packumentCache full:https://registry.npmjs.org/loose-envify set size:undefined disposed:false
1753 http fetch GET 200 https://registry.npmjs.org/react-is 108ms (cache miss)
1754 silly packumentCache full:https://registry.npmjs.org/react-is set size:undefined disposed:false
1755 http fetch GET 200 https://registry.npmjs.org/object-assign 203ms (cache miss)
1756 silly packumentCache full:https://registry.npmjs.org/object-assign set size:undefined disposed:false
1757 silly placeDep ROOT iterator.prototype@1.1.5 OK for: es-iterator-helpers@1.3.1 want: ^1.1.5
1758 silly placeDep ROOT @babel/core@7.29.0 OK for: eslint-plugin-react-hooks@7.0.1 want: ^7.24.4
1759 silly placeDep ROOT @babel/parser@7.29.2 OK for: eslint-plugin-react-hooks@7.0.1 want: ^7.24.4
1760 silly placeDep ROOT hermes-parser@0.25.1 OK for: eslint-plugin-react-hooks@7.0.1 want: ^0.25.1
1761 silly placeDep ROOT zod@4.3.6 OK for: eslint-plugin-react-hooks@7.0.1 want: ^3.25.0 || ^4.0.0
1762 silly placeDep ROOT zod-validation-error@4.0.2 OK for: eslint-plugin-react-hooks@7.0.1 want: ^3.5.0 || ^4.0.0
1763 silly fetch manifest json5@^2.2.3
1764 silly packumentCache full:https://registry.npmjs.org/json5 cache-miss
1765 silly fetch manifest gensync@^1.0.0-beta.2
1766 silly packumentCache full:https://registry.npmjs.org/gensync cache-miss
1767 silly fetch manifest @babel/types@^7.29.0
1768 silly packumentCache full:https://registry.npmjs.org/@babel%2ftypes cache-miss
1769 silly fetch manifest @babel/parser@^7.29.0
1770 silly packumentCache full:https://registry.npmjs.org/@babel%2fparser cache-miss
1771 silly fetch manifest @babel/helpers@^7.28.6
1772 silly packumentCache full:https://registry.npmjs.org/@babel%2fhelpers cache-miss
1773 silly fetch manifest @babel/template@^7.28.6
1774 silly packumentCache full:https://registry.npmjs.org/@babel%2ftemplate cache-miss
1775 silly fetch manifest @babel/traverse@^7.29.0
1776 silly packumentCache full:https://registry.npmjs.org/@babel%2ftraverse cache-miss
1777 http cache https://registry.npmjs.org/json5 4ms (cache hit)
1778 silly packumentCache full:https://registry.npmjs.org/json5 set size:86136 disposed:false
1779 silly fetch manifest @babel/generator@^7.29.0
1780 silly packumentCache full:https://registry.npmjs.org/@babel%2fgenerator cache-miss
1781 http cache https://registry.npmjs.org/@babel%2fparser 5ms (cache hit)
1782 silly packumentCache full:https://registry.npmjs.org/@babel%2fparser set size:718758 disposed:false
1783 silly fetch manifest @babel/code-frame@^7.29.0
1784 silly packumentCache full:https://registry.npmjs.org/@babel%2fcode-frame cache-miss
1785 http fetch GET 200 https://registry.npmjs.org/gensync 48ms (cache miss)
1786 silly packumentCache full:https://registry.npmjs.org/gensync set size:undefined disposed:false
1787 silly fetch manifest convert-source-map@^2.0.0
1788 silly packumentCache full:https://registry.npmjs.org/convert-source-map cache-miss
1789 http fetch GET 200 https://registry.npmjs.org/@babel%2fhelpers 62ms (cache miss)
1790 silly packumentCache full:https://registry.npmjs.org/@babel%2fhelpers set size:undefined disposed:false
1791 silly fetch manifest @babel/helper-module-transforms@^7.28.6
1792 silly packumentCache full:https://registry.npmjs.org/@babel%2fhelper-module-transforms cache-miss
1793 http fetch GET 200 https://registry.npmjs.org/@babel%2ftemplate 64ms (cache miss)
1794 silly packumentCache full:https://registry.npmjs.org/@babel%2ftemplate set size:undefined disposed:false
1795 silly fetch manifest @babel/helper-compilation-targets@^7.28.6
1796 silly packumentCache full:https://registry.npmjs.org/@babel%2fhelper-compilation-targets cache-miss
1797 http fetch GET 200 https://registry.npmjs.org/@babel%2ftypes 67ms (cache miss)
1798 silly packumentCache full:https://registry.npmjs.org/@babel%2ftypes set size:undefined disposed:false
1799 silly fetch manifest hermes-estree@0.25.1
1800 silly packumentCache full:https://registry.npmjs.org/hermes-estree cache-miss
1801 http fetch GET 200 https://registry.npmjs.org/@babel%2fgenerator 66ms (cache miss)
1802 silly packumentCache full:https://registry.npmjs.org/@babel%2fgenerator set size:undefined disposed:false
1803 http fetch GET 200 https://registry.npmjs.org/@babel%2ftraverse 73ms (cache miss)
1804 silly packumentCache full:https://registry.npmjs.org/@babel%2ftraverse set size:undefined disposed:false
1805 http fetch GET 200 https://registry.npmjs.org/@babel%2fcode-frame 84ms (cache miss)
1806 silly packumentCache full:https://registry.npmjs.org/@babel%2fcode-frame set size:undefined disposed:false
1807 http fetch GET 200 https://registry.npmjs.org/convert-source-map 45ms (cache miss)
1808 silly packumentCache full:https://registry.npmjs.org/convert-source-map set size:undefined disposed:false
1809 http fetch GET 200 https://registry.npmjs.org/hermes-estree 45ms (cache miss)
1810 silly packumentCache full:https://registry.npmjs.org/hermes-estree set size:undefined disposed:false
1811 http fetch GET 200 https://registry.npmjs.org/@babel%2fhelper-module-transforms 53ms (cache miss)
1812 silly packumentCache full:https://registry.npmjs.org/@babel%2fhelper-module-transforms set size:undefined disposed:false
1813 http fetch GET 200 https://registry.npmjs.org/@babel%2fhelper-compilation-targets 82ms (cache miss)
1814 silly packumentCache full:https://registry.npmjs.org/@babel%2fhelper-compilation-targets set size:undefined disposed:false
1815 silly fetch manifest @babel/core@^7.0.0
1816 silly packumentCache full:https://registry.npmjs.org/@babel%2fcore cache-miss
1817 http cache https://registry.npmjs.org/@babel%2fcore 2ms (cache hit)
1818 silly packumentCache full:https://registry.npmjs.org/@babel%2fcore set size:760113 disposed:false
1819 silly placeDep ROOT @babel/code-frame@7.29.0 OK for: @babel/core@7.29.0 want: ^7.29.0
1820 silly placeDep ROOT @babel/generator@7.29.1 OK for: @babel/core@7.29.0 want: ^7.29.0
1821 silly placeDep ROOT @babel/helper-compilation-targets@7.28.6 OK for: @babel/core@7.29.0 want: ^7.28.6
1822 silly placeDep ROOT @babel/helper-module-transforms@7.28.6 OK for: @babel/core@7.29.0 want: ^7.28.6
1823 silly placeDep ROOT @babel/helpers@7.29.2 OK for: @babel/core@7.29.0 want: ^7.28.6
1824 silly placeDep ROOT @babel/template@7.28.6 OK for: @babel/core@7.29.0 want: ^7.28.6
1825 silly placeDep ROOT @babel/traverse@7.29.0 OK for: @babel/core@7.29.0 want: ^7.29.0
1826 silly placeDep ROOT @babel/types@7.29.0 OK for: @babel/core@7.29.0 want: ^7.29.0
1827 silly placeDep ROOT convert-source-map@2.0.0 OK for: @babel/core@7.29.0 want: ^2.0.0
1828 silly placeDep ROOT gensync@1.0.0-beta.2 OK for: @babel/core@7.29.0 want: ^1.0.0-beta.2
1829 silly placeDep ROOT json5@2.2.3 OK for: @babel/core@7.29.0 want: ^2.2.3
1830 silly fetch manifest js-tokens@^4.0.0
1831 silly packumentCache full:https://registry.npmjs.org/js-tokens cache-miss
1832 silly fetch manifest @babel/helper-validator-identifier@^7.28.5
1833 silly packumentCache full:https://registry.npmjs.org/@babel%2fhelper-validator-identifier cache-miss
1834 silly fetch manifest jsesc@^3.0.2
1835 silly packumentCache full:https://registry.npmjs.org/jsesc cache-miss
1836 silly fetch manifest lru-cache@^5.1.1
1837 silly packumentCache full:https://registry.npmjs.org/lru-cache cache-miss
1838 silly fetch manifest browserslist@^4.24.0
1839 silly packumentCache full:https://registry.npmjs.org/browserslist cache-miss
1840 silly fetch manifest @babel/compat-data@^7.28.6
1841 silly packumentCache full:https://registry.npmjs.org/@babel%2fcompat-data cache-miss
1842 silly fetch manifest @babel/helper-validator-option@^7.27.1
1843 silly packumentCache full:https://registry.npmjs.org/@babel%2fhelper-validator-option cache-miss
1844 http fetch GET 200 https://registry.npmjs.org/jsesc 46ms (cache miss)
1845 silly packumentCache full:https://registry.npmjs.org/jsesc set size:undefined disposed:false
1846 silly fetch manifest @babel/traverse@^7.28.6
1847 silly packumentCache full:https://registry.npmjs.org/@babel%2ftraverse cache-miss
1848 http fetch GET 200 https://registry.npmjs.org/js-tokens 50ms (cache miss)
1849 silly packumentCache full:https://registry.npmjs.org/js-tokens set size:undefined disposed:false
1850 silly fetch manifest @babel/helper-module-imports@^7.28.6
1851 silly packumentCache full:https://registry.npmjs.org/@babel%2fhelper-module-imports cache-miss
1852 http cache https://registry.npmjs.org/@babel%2ftraverse 4ms (cache hit)
1853 silly packumentCache full:https://registry.npmjs.org/@babel%2ftraverse set size:548722 disposed:false
1854 silly fetch manifest @babel/helper-validator-identifier@^7.28.5
1855 silly packumentCache full:https://registry.npmjs.org/@babel%2fhelper-validator-identifier cache-miss
1856 http fetch GET 200 https://registry.npmjs.org/browserslist 65ms (cache miss)
1857 silly packumentCache full:https://registry.npmjs.org/browserslist set size:undefined disposed:false
1858 silly fetch manifest @babel/types@^7.28.6
1859 silly packumentCache full:https://registry.npmjs.org/@babel%2ftypes cache-miss
1860 http fetch GET 200 https://registry.npmjs.org/@babel%2fhelper-validator-option 69ms (cache miss)
1861 silly packumentCache full:https://registry.npmjs.org/@babel%2fhelper-validator-option set size:undefined disposed:false
1862 silly fetch manifest @babel/helper-globals@^7.28.0
1863 silly packumentCache full:https://registry.npmjs.org/@babel%2fhelper-globals cache-miss
1864 http fetch GET 200 https://registry.npmjs.org/@babel%2fhelper-validator-identifier 70ms (cache miss)
1865 silly packumentCache full:https://registry.npmjs.org/@babel%2fhelper-validator-identifier set size:undefined disposed:false
1866 silly fetch manifest @babel/helper-string-parser@^7.27.1
1867 silly packumentCache full:https://registry.npmjs.org/@babel%2fhelper-string-parser cache-miss
1868 http fetch GET 200 https://registry.npmjs.org/@babel%2fcompat-data 73ms (cache miss)
1869 silly packumentCache full:https://registry.npmjs.org/@babel%2fcompat-data set size:undefined disposed:false
1870 http cache https://registry.npmjs.org/@babel%2ftypes 7ms (cache hit)
1871 silly packumentCache full:https://registry.npmjs.org/@babel%2ftypes set size:487885 disposed:false
1872 http fetch GET 200 https://registry.npmjs.org/lru-cache 77ms (cache miss)
1873 silly packumentCache full:https://registry.npmjs.org/lru-cache set size:undefined disposed:false
1874 http fetch GET 200 https://registry.npmjs.org/@babel%2fhelper-validator-identifier 44ms (cache miss)
1875 silly packumentCache full:https://registry.npmjs.org/@babel%2fhelper-validator-identifier set size:undefined disposed:false
1876 http fetch GET 200 https://registry.npmjs.org/@babel%2fhelper-globals 46ms (cache miss)
1877 silly packumentCache full:https://registry.npmjs.org/@babel%2fhelper-globals set size:undefined disposed:false
1878 http fetch GET 200 https://registry.npmjs.org/@babel%2fhelper-string-parser 48ms (cache miss)
1879 silly packumentCache full:https://registry.npmjs.org/@babel%2fhelper-string-parser set size:undefined disposed:false
1880 http fetch GET 200 https://registry.npmjs.org/@babel%2fhelper-module-imports 217ms (cache miss)
1881 silly packumentCache full:https://registry.npmjs.org/@babel%2fhelper-module-imports set size:undefined disposed:false
1882 silly placeDep ROOT @babel/helper-validator-identifier@7.28.5 OK for: @babel/code-frame@7.29.0 want: ^7.28.5
1883 silly placeDep ROOT js-tokens@4.0.0 OK for: @babel/code-frame@7.29.0 want: ^4.0.0
1884 silly placeDep ROOT picocolors@1.1.1 OK for: @babel/code-frame@7.29.0 want: ^1.1.1
1885 silly placeDep ROOT jsesc@3.1.0 OK for: @babel/generator@7.29.1 want: ^3.0.2
1886 silly placeDep ROOT @babel/compat-data@7.29.0 OK for: @babel/helper-compilation-targets@7.28.6 want: ^7.28.6
1887 silly placeDep ROOT @babel/helper-validator-option@7.27.1 OK for: @babel/helper-compilation-targets@7.28.6 want: ^7.27.1
1888 silly placeDep ROOT browserslist@4.28.1 OK for: @babel/helper-compilation-targets@7.28.6 want: ^4.24.0
1889 silly placeDep ROOT lru-cache@5.1.1 OK for: @babel/helper-compilation-targets@7.28.6 want: ^5.1.1
1890 silly fetch manifest baseline-browser-mapping@^2.9.0
1891 silly packumentCache full:https://registry.npmjs.org/baseline-browser-mapping cache-miss
1892 silly fetch manifest caniuse-lite@^1.0.30001759
1893 silly packumentCache full:https://registry.npmjs.org/caniuse-lite cache-miss
1894 silly fetch manifest electron-to-chromium@^1.5.263
1895 silly packumentCache full:https://registry.npmjs.org/electron-to-chromium cache-miss
1896 silly fetch manifest node-releases@^2.0.27
1897 silly packumentCache full:https://registry.npmjs.org/node-releases cache-miss
1898 silly fetch manifest update-browserslist-db@^1.2.0
1899 silly packumentCache full:https://registry.npmjs.org/update-browserslist-db cache-miss
1900 silly fetch manifest yallist@^3.0.2
1901 silly packumentCache full:https://registry.npmjs.org/yallist cache-miss
1902 http cache https://registry.npmjs.org/baseline-browser-mapping 4ms (cache hit)
1903 silly packumentCache full:https://registry.npmjs.org/baseline-browser-mapping set size:409317 disposed:false
1904 http cache https://registry.npmjs.org/caniuse-lite 8ms (cache hit)
1905 silly packumentCache full:https://registry.npmjs.org/caniuse-lite set size:2270921 disposed:false
1906 http fetch GET 200 https://registry.npmjs.org/update-browserslist-db 43ms (cache miss)
1907 silly packumentCache full:https://registry.npmjs.org/update-browserslist-db set size:undefined disposed:false
1908 http fetch GET 200 https://registry.npmjs.org/yallist 46ms (cache miss)
1909 silly packumentCache full:https://registry.npmjs.org/yallist set size:undefined disposed:false
1910 http fetch GET 200 https://registry.npmjs.org/node-releases 47ms (cache miss)
1911 silly packumentCache full:https://registry.npmjs.org/node-releases set size:undefined disposed:false
1912 http fetch GET 200 https://registry.npmjs.org/electron-to-chromium 116ms (cache miss)
1913 silly packumentCache full:https://registry.npmjs.org/electron-to-chromium set size:undefined disposed:false
1914 silly placeDep ROOT @babel/helper-module-imports@7.28.6 OK for: @babel/helper-module-transforms@7.28.6 want: ^7.28.6
1915 silly placeDep ROOT @babel/helper-globals@7.28.0 OK for: @babel/traverse@7.29.0 want: ^7.28.0
1916 silly placeDep ROOT @babel/helper-string-parser@7.27.1 OK for: @babel/types@7.29.0 want: ^7.27.1
1917 silly fetch manifest browserslist@>= 4.21.0
1918 silly packumentCache full:https://registry.npmjs.org/browserslist cache-miss
1919 http cache https://registry.npmjs.org/browserslist 2ms (cache hit)
1920 silly packumentCache full:https://registry.npmjs.org/browserslist set size:502989 disposed:false
1921 silly placeDep ROOT baseline-browser-mapping@2.10.10 OK for: browserslist@4.28.1 want: ^2.9.0
1922 silly placeDep ROOT caniuse-lite@1.0.30001780 OK for: browserslist@4.28.1 want: ^1.0.30001759
1923 silly placeDep ROOT electron-to-chromium@1.5.321 OK for: browserslist@4.28.1 want: ^1.5.263
1924 silly placeDep ROOT node-releases@2.0.36 OK for: browserslist@4.28.1 want: ^2.0.27
1925 silly placeDep ROOT update-browserslist-db@1.2.3 OK for: browserslist@4.28.1 want: ^1.2.0
1926 silly fetch manifest escalade@^3.2.0
1927 silly packumentCache full:https://registry.npmjs.org/escalade cache-miss
1928 http fetch GET 200 https://registry.npmjs.org/escalade 42ms (cache miss)
1929 silly packumentCache full:https://registry.npmjs.org/escalade set size:undefined disposed:false
1930 silly placeDep ROOT esrecurse@4.3.0 OK for: eslint-scope@8.4.0 want: ^4.3.0
1931 silly placeDep ROOT acorn@8.16.0 OK for: espree@10.4.0 want: ^8.15.0
1932 silly placeDep ROOT acorn-jsx@5.3.2 OK for: espree@10.4.0 want: ^5.3.2
1933 silly placeDep ROOT @nodelib/fs.stat@2.0.5 OK for: fast-glob@3.3.1 want: ^2.0.2
1934 silly placeDep ROOT @nodelib/fs.walk@1.2.8 OK for: fast-glob@3.3.1 want: ^1.2.3
1935 silly placeDep node_modules/fast-glob glob-parent@5.1.2 OK for: fast-glob@3.3.1 want: ^5.1.2
1936 silly placeDep ROOT merge2@1.4.1 OK for: fast-glob@3.3.1 want: ^1.3.0
1937 silly placeDep ROOT micromatch@4.0.8 OK for: fast-glob@3.3.1 want: ^4.0.4
1938 silly fetch manifest fastq@^1.6.0
1939 silly packumentCache full:https://registry.npmjs.org/fastq cache-miss
1940 silly fetch manifest @nodelib/fs.scandir@2.1.5
1941 silly packumentCache full:https://registry.npmjs.org/@nodelib%2ffs.scandir cache-miss
1942 silly fetch manifest braces@^3.0.3
1943 silly packumentCache full:https://registry.npmjs.org/braces cache-miss
1944 silly fetch manifest picomatch@^2.3.1
1945 silly packumentCache full:https://registry.npmjs.org/picomatch cache-miss
1946 http cache https://registry.npmjs.org/picomatch 3ms (cache hit)
1947 silly packumentCache full:https://registry.npmjs.org/picomatch set size:118818 disposed:false
1948 http fetch GET 200 https://registry.npmjs.org/fastq 40ms (cache miss)
1949 silly packumentCache full:https://registry.npmjs.org/fastq set size:undefined disposed:false
1950 http fetch GET 200 https://registry.npmjs.org/braces 52ms (cache miss)
1951 silly packumentCache full:https://registry.npmjs.org/braces set size:undefined disposed:false
1952 http fetch GET 200 https://registry.npmjs.org/@nodelib%2ffs.scandir 62ms (cache miss)
1953 silly packumentCache full:https://registry.npmjs.org/@nodelib%2ffs.scandir set size:undefined disposed:false
1954 silly placeDep ROOT @nodelib/fs.scandir@2.1.5 OK for: @nodelib/fs.walk@1.2.8 want: 2.1.5
1955 silly placeDep ROOT fastq@1.20.1 OK for: @nodelib/fs.walk@1.2.8 want: ^1.6.0
1956 silly fetch manifest run-parallel@^1.1.9
1957 silly packumentCache full:https://registry.npmjs.org/run-parallel cache-miss
1958 silly fetch manifest reusify@^1.0.4
1959 silly packumentCache full:https://registry.npmjs.org/reusify cache-miss
1960 http fetch GET 200 https://registry.npmjs.org/reusify 41ms (cache miss)
1961 silly packumentCache full:https://registry.npmjs.org/reusify set size:undefined disposed:false
1962 http fetch GET 200 https://registry.npmjs.org/run-parallel 66ms (cache miss)
1963 silly packumentCache full:https://registry.npmjs.org/run-parallel set size:undefined disposed:false
1964 silly placeDep ROOT run-parallel@1.2.0 OK for: @nodelib/fs.scandir@2.1.5 want: ^1.1.9
1965 silly fetch manifest queue-microtask@^1.2.2
1966 silly packumentCache full:https://registry.npmjs.org/queue-microtask cache-miss
1967 http fetch GET 200 https://registry.npmjs.org/queue-microtask 53ms (cache miss)
1968 silly packumentCache full:https://registry.npmjs.org/queue-microtask set size:undefined disposed:false
1969 silly placeDep ROOT reusify@1.1.0 OK for: fastq@1.20.1 want: ^1.0.4
1970 silly placeDep ROOT flat-cache@4.0.1 OK for: file-entry-cache@8.0.0 want: ^4.0.0
1971 silly fetch manifest keyv@^4.5.4
1972 silly packumentCache full:https://registry.npmjs.org/keyv cache-miss
1973 silly fetch manifest flatted@^3.2.9
1974 silly packumentCache full:https://registry.npmjs.org/flatted cache-miss
1975 http fetch GET 200 https://registry.npmjs.org/flatted 48ms (cache miss)
1976 silly packumentCache full:https://registry.npmjs.org/flatted set size:undefined disposed:false
1977 http fetch GET 200 https://registry.npmjs.org/keyv 56ms (cache miss)
1978 silly packumentCache full:https://registry.npmjs.org/keyv set size:undefined disposed:false
1979 silly placeDep ROOT locate-path@6.0.0 OK for: find-up@5.0.0 want: ^6.0.0
1980 silly placeDep ROOT path-exists@4.0.0 OK for: find-up@5.0.0 want: ^4.0.0
1981 silly fetch manifest p-locate@^5.0.0
1982 silly packumentCache full:https://registry.npmjs.org/p-locate cache-miss
1983 http fetch GET 200 https://registry.npmjs.org/p-locate 41ms (cache miss)
1984 silly packumentCache full:https://registry.npmjs.org/p-locate set size:undefined disposed:false
1985 silly placeDep ROOT flatted@3.4.2 OK for: flat-cache@4.0.1 want: ^3.2.9
1986 silly placeDep ROOT keyv@4.5.4 OK for: flat-cache@4.0.1 want: ^4.5.4
1987 silly fetch manifest json-buffer@3.0.1
1988 silly packumentCache full:https://registry.npmjs.org/json-buffer cache-miss
1989 http fetch GET 200 https://registry.npmjs.org/json-buffer 44ms (cache miss)
1990 silly packumentCache full:https://registry.npmjs.org/json-buffer set size:undefined disposed:false
1991 silly placeDep ROOT motion-dom@12.38.0 OK for: framer-motion@12.38.0 want: ^12.38.0
1992 silly placeDep ROOT motion-utils@12.36.0 OK for: framer-motion@12.38.0 want: ^12.36.0
1993 silly placeDep ROOT tslib@2.8.1 OK for: framer-motion@12.38.0 want: ^2.4.0
1994 silly placeDep ROOT functions-have-names@1.2.3 OK for: function.prototype.name@1.1.8 want: ^1.2.3
1995 silly placeDep ROOT dunder-proto@1.0.1 OK for: get-proto@1.0.1 want: ^1.0.1
1996 silly placeDep ROOT resolve-pkg-maps@1.0.0 OK for: get-tsconfig@4.13.6 want: ^1.0.0
1997 silly placeDep ROOT hermes-estree@0.25.1 OK for: hermes-parser@0.25.1 want: 0.25.1
1998 silly placeDep ROOT parent-module@1.0.1 OK for: import-fresh@3.3.1 want: ^1.0.0
1999 silly placeDep ROOT resolve-from@4.0.0 OK for: import-fresh@3.3.1 want: ^4.0.0
2000 silly fetch manifest callsites@^3.0.0
2001 silly packumentCache full:https://registry.npmjs.org/callsites cache-miss
2002 http fetch GET 200 https://registry.npmjs.org/callsites 41ms (cache miss)
2003 silly packumentCache full:https://registry.npmjs.org/callsites set size:undefined disposed:false
2004 silly placeDep ROOT side-channel@1.1.0 OK for: internal-slot@1.1.0 want: ^1.1.0
2005 silly fetch manifest side-channel-list@^1.0.0
2006 silly packumentCache full:https://registry.npmjs.org/side-channel-list cache-miss
2007 silly fetch manifest side-channel-map@^1.0.1
2008 silly packumentCache full:https://registry.npmjs.org/side-channel-map cache-miss
2009 silly fetch manifest side-channel-weakmap@^1.0.2
2010 silly packumentCache full:https://registry.npmjs.org/side-channel-weakmap cache-miss
2011 http fetch GET 200 https://registry.npmjs.org/side-channel-list 43ms (cache miss)
2012 silly packumentCache full:https://registry.npmjs.org/side-channel-list set size:undefined disposed:false
2013 http fetch GET 200 https://registry.npmjs.org/side-channel-weakmap 43ms (cache miss)
2014 silly packumentCache full:https://registry.npmjs.org/side-channel-weakmap set size:undefined disposed:false
2015 http fetch GET 200 https://registry.npmjs.org/side-channel-map 48ms (cache miss)
2016 silly packumentCache full:https://registry.npmjs.org/side-channel-map set size:undefined disposed:false
2017 silly placeDep node_modules/is-bun-module semver@7.7.4 OK for: is-bun-module@2.0.0 want: ^7.7.1
2018 silly placeDep ROOT is-extglob@2.1.1 OK for: is-glob@4.0.3 want: ^2.1.1
2019 silly placeDep ROOT set-function-name@2.0.2 OK for: iterator.prototype@1.1.5 want: ^2.0.2
2020 silly placeDep ROOT argparse@2.0.1 OK for: js-yaml@4.1.1 want: ^2.0.1
2021 silly placeDep ROOT json-buffer@3.0.1 OK for: keyv@4.5.4 want: 3.0.1
2022 silly placeDep ROOT language-subtag-registry@0.3.23 OK for: language-tags@1.0.9 want: ^0.3.20
2023 silly placeDep ROOT prelude-ls@1.2.1 OK for: levn@0.4.1 want: ^1.2.1
2024 silly placeDep ROOT type-check@0.4.0 OK for: levn@0.4.1 want: ~0.4.0
2025 silly placeDep ROOT detect-libc@2.1.2 OK for: lightningcss@1.32.0 want: ^2.0.3
2026 silly placeDep ROOT lightningcss-android-arm64@1.32.0 OK for: lightningcss@1.32.0 want: 1.32.0
2027 silly placeDep ROOT lightningcss-darwin-arm64@1.32.0 OK for: lightningcss@1.32.0 want: 1.32.0
2028 silly placeDep ROOT lightningcss-darwin-x64@1.32.0 OK for: lightningcss@1.32.0 want: 1.32.0
2029 silly placeDep ROOT lightningcss-freebsd-x64@1.32.0 OK for: lightningcss@1.32.0 want: 1.32.0
2030 silly placeDep ROOT lightningcss-linux-arm-gnueabihf@1.32.0 OK for: lightningcss@1.32.0 want: 1.32.0
2031 silly placeDep ROOT lightningcss-linux-arm64-gnu@1.32.0 OK for: lightningcss@1.32.0 want: 1.32.0
2032 silly placeDep ROOT lightningcss-linux-arm64-musl@1.32.0 OK for: lightningcss@1.32.0 want: 1.32.0
2033 silly placeDep ROOT lightningcss-linux-x64-gnu@1.32.0 OK for: lightningcss@1.32.0 want: 1.32.0
2034 silly placeDep ROOT lightningcss-linux-x64-musl@1.32.0 OK for: lightningcss@1.32.0 want: 1.32.0
2035 silly placeDep ROOT lightningcss-win32-arm64-msvc@1.32.0 OK for: lightningcss@1.32.0 want: 1.32.0
2036 silly placeDep ROOT lightningcss-win32-x64-msvc@1.32.0 OK for: lightningcss@1.32.0 want: 1.32.0
2037 silly placeDep ROOT p-locate@5.0.0 OK for: locate-path@6.0.0 want: ^5.0.0
2038 silly fetch manifest p-limit@^3.0.2
2039 silly packumentCache full:https://registry.npmjs.org/p-limit cache-miss
2040 http fetch GET 200 https://registry.npmjs.org/p-limit 41ms (cache miss)
2041 silly packumentCache full:https://registry.npmjs.org/p-limit set size:undefined disposed:false
2042 silly placeDep ROOT yallist@3.1.1 OK for: lru-cache@5.1.1 want: ^3.0.2
2043 silly placeDep ROOT braces@3.0.3 OK for: micromatch@4.0.8 want: ^3.0.3
2044 silly placeDep ROOT picomatch@2.3.1 OK for: micromatch@4.0.8 want: ^2.3.1
2045 silly fetch manifest fill-range@^7.1.1
2046 silly packumentCache full:https://registry.npmjs.org/fill-range cache-miss
2047 http fetch GET 200 https://registry.npmjs.org/fill-range 43ms (cache miss)
2048 silly packumentCache full:https://registry.npmjs.org/fill-range set size:undefined disposed:false
2049 silly placeDep ROOT fill-range@7.1.1 OK for: braces@3.0.3 want: ^7.1.1
2050 silly fetch manifest to-regex-range@^5.0.1
2051 silly packumentCache full:https://registry.npmjs.org/to-regex-range cache-miss
2052 http fetch GET 200 https://registry.npmjs.org/to-regex-range 47ms (cache miss)
2053 silly packumentCache full:https://registry.npmjs.org/to-regex-range set size:undefined disposed:false
2054 silly placeDep ROOT to-regex-range@5.0.1 OK for: fill-range@7.1.1 want: ^5.0.1
2055 silly fetch manifest is-number@^7.0.0
2056 silly packumentCache full:https://registry.npmjs.org/is-number cache-miss
2057 http fetch GET 200 https://registry.npmjs.org/is-number 43ms (cache miss)
2058 silly packumentCache full:https://registry.npmjs.org/is-number set size:undefined disposed:false
2059 silly placeDep ROOT brace-expansion@1.1.12 OK for: minimatch@3.1.5 want: ^1.1.7
2060 silly fetch manifest concat-map@0.0.1
2061 silly packumentCache full:https://registry.npmjs.org/concat-map cache-miss
2062 silly fetch manifest balanced-match@^1.0.0
2063 silly packumentCache full:https://registry.npmjs.org/balanced-match cache-miss
2064 http fetch GET 200 https://registry.npmjs.org/balanced-match 40ms (cache miss)
2065 silly packumentCache full:https://registry.npmjs.org/balanced-match set size:undefined disposed:false
2066 http fetch GET 200 https://registry.npmjs.org/concat-map 42ms (cache miss)
2067 silly packumentCache full:https://registry.npmjs.org/concat-map set size:undefined disposed:false
2068 silly placeDep ROOT balanced-match@1.0.2 OK for: brace-expansion@1.1.12 want: ^1.0.0
2069 silly placeDep ROOT concat-map@0.0.1 OK for: brace-expansion@1.1.12 want: 0.0.1
2070 silly fetch manifest react@^18.2.0 || 19.0.0-rc-de68d2f4-20241204 || ^19.0.0
2071 silly packumentCache full:https://registry.npmjs.org/react cache-miss
2072 http cache https://registry.npmjs.org/react 9ms (cache hit)
2073 silly packumentCache full:https://registry.npmjs.org/react set size:6555426 disposed:false
2074 silly placeDep ROOT @next/env@16.2.1 OK for: next@16.2.1 want: 16.2.1
2075 silly placeDep ROOT @next/swc-darwin-arm64@16.2.1 OK for: next@16.2.1 want: 16.2.1
2076 silly placeDep ROOT @next/swc-darwin-x64@16.2.1 OK for: next@16.2.1 want: 16.2.1
2077 silly placeDep ROOT @next/swc-linux-arm64-gnu@16.2.1 OK for: next@16.2.1 want: 16.2.1
2078 silly placeDep ROOT @next/swc-linux-arm64-musl@16.2.1 OK for: next@16.2.1 want: 16.2.1
2079 silly placeDep ROOT @next/swc-linux-x64-gnu@16.2.1 OK for: next@16.2.1 want: 16.2.1
2080 silly placeDep ROOT @next/swc-linux-x64-musl@16.2.1 OK for: next@16.2.1 want: 16.2.1
2081 silly placeDep ROOT @next/swc-win32-arm64-msvc@16.2.1 OK for: next@16.2.1 want: 16.2.1
2082 silly placeDep ROOT @next/swc-win32-x64-msvc@16.2.1 OK for: next@16.2.1 want: 16.2.1
2083 silly placeDep ROOT @swc/helpers@0.5.15 OK for: next@16.2.1 want: 0.5.15
2084 silly placeDep node_modules/next postcss@8.4.31 OK for: next@16.2.1 want: 8.4.31
2085 silly placeDep ROOT sharp@0.34.5 OK for: next@16.2.1 want: ^0.34.5
2086 silly placeDep ROOT styled-jsx@5.1.6 OK for: next@16.2.1 want: 5.1.6
2087 silly fetch manifest nanoid@^3.3.6
2088 silly packumentCache full:https://registry.npmjs.org/nanoid cache-miss
2089 silly fetch manifest semver@^7.7.3
2090 silly packumentCache full:https://registry.npmjs.org/semver cache-hit
2091 silly fetch manifest @img/colour@^1.0.0
2092 silly packumentCache full:https://registry.npmjs.org/@img%2fcolour cache-miss
2093 silly fetch manifest @img/sharp-wasm32@0.34.5
2094 silly packumentCache full:https://registry.npmjs.org/@img%2fsharp-wasm32 cache-miss
2095 silly fetch manifest @img/sharp-linux-arm@0.34.5
2096 silly packumentCache full:https://registry.npmjs.org/@img%2fsharp-linux-arm cache-miss
2097 silly fetch manifest @img/sharp-linux-x64@0.34.5
2098 silly packumentCache full:https://registry.npmjs.org/@img%2fsharp-linux-x64 cache-miss
2099 silly fetch manifest @img/sharp-win32-x64@0.34.5
2100 silly packumentCache full:https://registry.npmjs.org/@img%2fsharp-win32-x64 cache-miss
2101 silly fetch manifest @img/sharp-darwin-x64@0.34.5
2102 silly packumentCache full:https://registry.npmjs.org/@img%2fsharp-darwin-x64 cache-miss
2103 http cache https://registry.npmjs.org/nanoid 11ms (cache hit)
2104 silly packumentCache full:https://registry.npmjs.org/nanoid set size:300313 disposed:false
2105 silly fetch manifest @img/sharp-win32-ia32@0.34.5
2106 silly packumentCache full:https://registry.npmjs.org/@img%2fsharp-win32-ia32 cache-miss
2107 http fetch GET 200 https://registry.npmjs.org/@img%2fsharp-linux-arm 55ms (cache miss)
2108 silly packumentCache full:https://registry.npmjs.org/@img%2fsharp-linux-arm set size:undefined disposed:false
2109 silly fetch manifest @img/sharp-linux-arm64@0.34.5
2110 silly packumentCache full:https://registry.npmjs.org/@img%2fsharp-linux-arm64 cache-miss
2111 http fetch GET 200 https://registry.npmjs.org/@img%2fsharp-win32-x64 56ms (cache miss)
2112 silly packumentCache full:https://registry.npmjs.org/@img%2fsharp-win32-x64 set size:undefined disposed:false
2113 silly fetch manifest @img/sharp-linux-ppc64@0.34.5
2114 silly packumentCache full:https://registry.npmjs.org/@img%2fsharp-linux-ppc64 cache-miss
2115 http fetch GET 200 https://registry.npmjs.org/@img%2fsharp-darwin-x64 56ms (cache miss)
2116 silly packumentCache full:https://registry.npmjs.org/@img%2fsharp-darwin-x64 set size:undefined disposed:false
2117 silly fetch manifest @img/sharp-linux-s390x@0.34.5
2118 silly packumentCache full:https://registry.npmjs.org/@img%2fsharp-linux-s390x cache-miss
2119 http fetch GET 200 https://registry.npmjs.org/@img%2fsharp-wasm32 59ms (cache miss)
2120 silly packumentCache full:https://registry.npmjs.org/@img%2fsharp-wasm32 set size:undefined disposed:false
2121 silly fetch manifest @img/sharp-win32-arm64@0.34.5
2122 silly packumentCache full:https://registry.npmjs.org/@img%2fsharp-win32-arm64 cache-miss
2123 http fetch GET 200 https://registry.npmjs.org/@img%2fsharp-win32-ia32 50ms (cache miss)
2124 silly packumentCache full:https://registry.npmjs.org/@img%2fsharp-win32-ia32 set size:undefined disposed:false
2125 silly fetch manifest @img/sharp-darwin-arm64@0.34.5
2126 silly packumentCache full:https://registry.npmjs.org/@img%2fsharp-darwin-arm64 cache-miss
2127 http fetch GET 200 https://registry.npmjs.org/@img%2fsharp-linux-x64 65ms (cache miss)
2128 silly packumentCache full:https://registry.npmjs.org/@img%2fsharp-linux-x64 set size:undefined disposed:false
2129 silly fetch manifest @img/sharp-linux-riscv64@0.34.5
2130 silly packumentCache full:https://registry.npmjs.org/@img%2fsharp-linux-riscv64 cache-miss
2131 http fetch GET 200 https://registry.npmjs.org/@img%2fcolour 76ms (cache miss)
2132 silly packumentCache full:https://registry.npmjs.org/@img%2fcolour set size:undefined disposed:false
2133 silly fetch manifest @img/sharp-linuxmusl-x64@0.34.5
2134 silly packumentCache full:https://registry.npmjs.org/@img%2fsharp-linuxmusl-x64 cache-miss
2135 http fetch GET 200 https://registry.npmjs.org/@img%2fsharp-linux-ppc64 90ms (cache miss)
2136 silly packumentCache full:https://registry.npmjs.org/@img%2fsharp-linux-ppc64 set size:undefined disposed:false
2137 silly fetch manifest @img/sharp-linuxmusl-arm64@0.34.5
2138 silly packumentCache full:https://registry.npmjs.org/@img%2fsharp-linuxmusl-arm64 cache-miss
2139 http fetch GET 200 https://registry.npmjs.org/@img%2fsharp-win32-arm64 89ms (cache miss)
2140 silly packumentCache full:https://registry.npmjs.org/@img%2fsharp-win32-arm64 set size:undefined disposed:false
2141 silly fetch manifest @img/sharp-libvips-linux-arm@1.2.4
2142 silly packumentCache full:https://registry.npmjs.org/@img%2fsharp-libvips-linux-arm cache-miss
2143 http fetch GET 200 https://registry.npmjs.org/@img%2fsharp-linux-arm64 103ms (cache miss)
2144 silly packumentCache full:https://registry.npmjs.org/@img%2fsharp-linux-arm64 set size:undefined disposed:false
2145 silly fetch manifest @img/sharp-libvips-linux-x64@1.2.4
2146 silly packumentCache full:https://registry.npmjs.org/@img%2fsharp-libvips-linux-x64 cache-miss
2147 http fetch GET 200 https://registry.npmjs.org/@img%2fsharp-linuxmusl-x64 82ms (cache miss)
2148 silly packumentCache full:https://registry.npmjs.org/@img%2fsharp-linuxmusl-x64 set size:undefined disposed:false
2149 silly fetch manifest @img/sharp-libvips-darwin-x64@1.2.4
2150 silly packumentCache full:https://registry.npmjs.org/@img%2fsharp-libvips-darwin-x64 cache-miss
2151 http fetch GET 200 https://registry.npmjs.org/@img%2fsharp-linux-s390x 102ms (cache miss)
2152 silly packumentCache full:https://registry.npmjs.org/@img%2fsharp-linux-s390x set size:undefined disposed:false
2153 silly fetch manifest @img/sharp-libvips-linux-arm64@1.2.4
2154 silly packumentCache full:https://registry.npmjs.org/@img%2fsharp-libvips-linux-arm64 cache-miss
2155 http fetch GET 200 https://registry.npmjs.org/@img%2fsharp-darwin-arm64 98ms (cache miss)
2156 silly packumentCache full:https://registry.npmjs.org/@img%2fsharp-darwin-arm64 set size:undefined disposed:false
2157 silly fetch manifest @img/sharp-libvips-linux-ppc64@1.2.4
2158 silly packumentCache full:https://registry.npmjs.org/@img%2fsharp-libvips-linux-ppc64 cache-miss
2159 http fetch GET 200 https://registry.npmjs.org/@img%2fsharp-libvips-linux-arm 60ms (cache miss)
2160 silly packumentCache full:https://registry.npmjs.org/@img%2fsharp-libvips-linux-arm set size:undefined disposed:false
2161 silly fetch manifest @img/sharp-libvips-linux-s390x@1.2.4
2162 silly packumentCache full:https://registry.npmjs.org/@img%2fsharp-libvips-linux-s390x cache-miss
2163 http fetch GET 200 https://registry.npmjs.org/@img%2fsharp-libvips-linux-arm64 57ms (cache miss)
2164 silly packumentCache full:https://registry.npmjs.org/@img%2fsharp-libvips-linux-arm64 set size:undefined disposed:false
2165 silly fetch manifest @img/sharp-libvips-darwin-arm64@1.2.4
2166 silly packumentCache full:https://registry.npmjs.org/@img%2fsharp-libvips-darwin-arm64 cache-miss
2167 http fetch GET 200 https://registry.npmjs.org/@img%2fsharp-libvips-darwin-x64 59ms (cache miss)
2168 silly packumentCache full:https://registry.npmjs.org/@img%2fsharp-libvips-darwin-x64 set size:undefined disposed:false
2169 silly fetch manifest @img/sharp-libvips-linux-riscv64@1.2.4
2170 silly packumentCache full:https://registry.npmjs.org/@img%2fsharp-libvips-linux-riscv64 cache-miss
2171 http fetch GET 200 https://registry.npmjs.org/@img%2fsharp-linuxmusl-arm64 72ms (cache miss)
2172 silly packumentCache full:https://registry.npmjs.org/@img%2fsharp-linuxmusl-arm64 set size:undefined disposed:false
2173 silly fetch manifest @img/sharp-libvips-linuxmusl-x64@1.2.4
2174 silly packumentCache full:https://registry.npmjs.org/@img%2fsharp-libvips-linuxmusl-x64 cache-miss
2175 http fetch GET 200 https://registry.npmjs.org/@img%2fsharp-libvips-linux-ppc64 60ms (cache miss)
2176 silly packumentCache full:https://registry.npmjs.org/@img%2fsharp-libvips-linux-ppc64 set size:undefined disposed:false
2177 silly fetch manifest @img/sharp-libvips-linuxmusl-arm64@1.2.4
2178 silly packumentCache full:https://registry.npmjs.org/@img%2fsharp-libvips-linuxmusl-arm64 cache-miss
2179 http fetch GET 200 https://registry.npmjs.org/@img%2fsharp-libvips-linux-x64 68ms (cache miss)
2180 silly packumentCache full:https://registry.npmjs.org/@img%2fsharp-libvips-linux-x64 set size:undefined disposed:false
2181 silly fetch manifest client-only@0.0.1
2182 silly packumentCache full:https://registry.npmjs.org/client-only cache-miss
2183 http fetch GET 200 https://registry.npmjs.org/client-only 40ms (cache miss)
2184 silly packumentCache full:https://registry.npmjs.org/client-only set size:undefined disposed:false
2185 http fetch GET 200 https://registry.npmjs.org/@img%2fsharp-libvips-linuxmusl-x64 51ms (cache miss)
2186 silly packumentCache full:https://registry.npmjs.org/@img%2fsharp-libvips-linuxmusl-x64 set size:undefined disposed:false
2187 http fetch GET 200 https://registry.npmjs.org/@img%2fsharp-libvips-darwin-arm64 53ms (cache miss)
2188 silly packumentCache full:https://registry.npmjs.org/@img%2fsharp-libvips-darwin-arm64 set size:undefined disposed:false
2189 http fetch GET 200 https://registry.npmjs.org/@img%2fsharp-libvips-linux-riscv64 62ms (cache miss)
2190 silly packumentCache full:https://registry.npmjs.org/@img%2fsharp-libvips-linux-riscv64 set size:undefined disposed:false
2191 http fetch GET 200 https://registry.npmjs.org/@img%2fsharp-libvips-linuxmusl-arm64 59ms (cache miss)
2192 silly packumentCache full:https://registry.npmjs.org/@img%2fsharp-libvips-linuxmusl-arm64 set size:undefined disposed:false
2193 http fetch GET 200 https://registry.npmjs.org/@img%2fsharp-linux-riscv64 241ms (cache miss)
2194 silly packumentCache full:https://registry.npmjs.org/@img%2fsharp-linux-riscv64 set size:undefined disposed:false
2195 http fetch GET 200 https://registry.npmjs.org/@img%2fsharp-libvips-linux-s390x 91ms (cache miss)
2196 silly packumentCache full:https://registry.npmjs.org/@img%2fsharp-libvips-linux-s390x set size:undefined disposed:false
2197 silly placeDep ROOT deep-is@0.1.4 OK for: optionator@0.9.4 want: ^0.1.3
2198 silly placeDep ROOT fast-levenshtein@2.0.6 OK for: optionator@0.9.4 want: ^2.0.6
2199 silly placeDep ROOT word-wrap@1.2.5 OK for: optionator@0.9.4 want: ^1.2.5
2200 silly placeDep ROOT p-limit@3.1.0 OK for: p-locate@5.0.0 want: ^3.0.2
2201 silly fetch manifest yocto-queue@^0.1.0
2202 silly packumentCache full:https://registry.npmjs.org/yocto-queue cache-miss
2203 http fetch GET 200 https://registry.npmjs.org/yocto-queue 43ms (cache miss)
2204 silly packumentCache full:https://registry.npmjs.org/yocto-queue set size:undefined disposed:false
2205 silly placeDep ROOT yocto-queue@0.1.0 OK for: p-limit@3.1.0 want: ^0.1.0
2206 silly placeDep ROOT callsites@3.1.0 OK for: parent-module@1.0.1 want: ^3.0.0
2207 silly placeDep ROOT nanoid@3.3.11 OK for: postcss@8.5.8 want: ^3.3.11
2208 silly placeDep ROOT loose-envify@1.4.0 OK for: prop-types@15.8.1 want: ^1.4.0
2209 silly placeDep ROOT object-assign@4.1.1 OK for: prop-types@15.8.1 want: ^4.1.1
2210 silly placeDep ROOT react-is@16.13.1 OK for: prop-types@15.8.1 want: ^16.13.1
2211 silly placeDep ROOT scheduler@0.27.0 OK for: react-dom@19.2.4 want: ^0.27.0
2212 silly placeDep ROOT path-parse@1.0.7 OK for: resolve@1.22.11 want: ^1.0.7
2213 silly placeDep ROOT supports-preserve-symlinks-flag@1.0.0 OK for: resolve@1.22.11 want: ^1.0.0
2214 silly placeDep ROOT queue-microtask@1.2.3 OK for: run-parallel@1.2.0 want: ^1.2.2
2215 silly placeDep ROOT isarray@2.0.5 OK for: safe-array-concat@1.1.3 want: ^2.0.5
2216 silly placeDep ROOT @img/colour@1.1.0 OK for: sharp@0.34.5 want: ^1.0.0
2217 silly placeDep ROOT @img/sharp-darwin-arm64@0.34.5 OK for: sharp@0.34.5 want: 0.34.5
2218 silly placeDep ROOT @img/sharp-darwin-x64@0.34.5 OK for: sharp@0.34.5 want: 0.34.5
2219 silly placeDep ROOT @img/sharp-libvips-darwin-arm64@1.2.4 OK for: sharp@0.34.5 want: 1.2.4
2220 silly placeDep ROOT @img/sharp-libvips-darwin-x64@1.2.4 OK for: sharp@0.34.5 want: 1.2.4
2221 silly placeDep ROOT @img/sharp-libvips-linux-arm@1.2.4 OK for: sharp@0.34.5 want: 1.2.4
2222 silly placeDep ROOT @img/sharp-libvips-linux-arm64@1.2.4 OK for: sharp@0.34.5 want: 1.2.4
2223 silly placeDep ROOT @img/sharp-libvips-linux-ppc64@1.2.4 OK for: sharp@0.34.5 want: 1.2.4
2224 silly placeDep ROOT @img/sharp-libvips-linux-riscv64@1.2.4 OK for: sharp@0.34.5 want: 1.2.4
2225 silly placeDep ROOT @img/sharp-libvips-linux-s390x@1.2.4 OK for: sharp@0.34.5 want: 1.2.4
2226 silly placeDep ROOT @img/sharp-libvips-linux-x64@1.2.4 OK for: sharp@0.34.5 want: 1.2.4
2227 silly placeDep ROOT @img/sharp-libvips-linuxmusl-arm64@1.2.4 OK for: sharp@0.34.5 want: 1.2.4
2228 silly placeDep ROOT @img/sharp-libvips-linuxmusl-x64@1.2.4 OK for: sharp@0.34.5 want: 1.2.4
2229 silly placeDep ROOT @img/sharp-linux-arm@0.34.5 OK for: sharp@0.34.5 want: 0.34.5
2230 silly placeDep ROOT @img/sharp-linux-arm64@0.34.5 OK for: sharp@0.34.5 want: 0.34.5
2231 silly placeDep ROOT @img/sharp-linux-ppc64@0.34.5 OK for: sharp@0.34.5 want: 0.34.5
2232 silly placeDep ROOT @img/sharp-linux-riscv64@0.34.5 OK for: sharp@0.34.5 want: 0.34.5
2233 silly placeDep ROOT @img/sharp-linux-s390x@0.34.5 OK for: sharp@0.34.5 want: 0.34.5
2234 silly placeDep ROOT @img/sharp-linux-x64@0.34.5 OK for: sharp@0.34.5 want: 0.34.5
2235 silly placeDep ROOT @img/sharp-linuxmusl-arm64@0.34.5 OK for: sharp@0.34.5 want: 0.34.5
2236 silly placeDep ROOT @img/sharp-linuxmusl-x64@0.34.5 OK for: sharp@0.34.5 want: 0.34.5
2237 silly placeDep ROOT @img/sharp-wasm32@0.34.5 OK for: sharp@0.34.5 want: 0.34.5
2238 silly placeDep ROOT @img/sharp-win32-arm64@0.34.5 OK for: sharp@0.34.5 want: 0.34.5
2239 silly placeDep ROOT @img/sharp-win32-ia32@0.34.5 OK for: sharp@0.34.5 want: 0.34.5
2240 silly placeDep ROOT @img/sharp-win32-x64@0.34.5 OK for: sharp@0.34.5 want: 0.34.5
2241 silly placeDep node_modules/sharp semver@7.7.4 OK for: sharp@0.34.5 want: ^7.7.3
2242 silly fetch manifest @emnapi/runtime@^1.7.0
2243 silly packumentCache full:https://registry.npmjs.org/@emnapi%2fruntime cache-miss
2244 http fetch GET 200 https://registry.npmjs.org/@emnapi%2fruntime 52ms (cache miss)
2245 silly packumentCache full:https://registry.npmjs.org/@emnapi%2fruntime set size:undefined disposed:false
2246 silly placeDep ROOT @emnapi/runtime@1.9.1 OK for: @img/sharp-wasm32@0.34.5 want: ^1.7.0
2247 silly placeDep ROOT shebang-regex@3.0.0 OK for: shebang-command@2.0.0 want: ^3.0.0
2248 silly placeDep ROOT side-channel-list@1.0.0 OK for: side-channel@1.1.0 want: ^1.0.0
2249 silly placeDep ROOT side-channel-map@1.0.1 OK for: side-channel@1.1.0 want: ^1.0.1
2250 silly placeDep ROOT side-channel-weakmap@1.0.2 OK for: side-channel@1.1.0 want: ^1.0.2
2251 silly placeDep ROOT client-only@0.0.1 OK for: styled-jsx@5.1.6 want: 0.0.1
2252 silly placeDep ROOT has-flag@4.0.0 OK for: supports-color@7.2.0 want: ^4.0.0
2253 silly placeDep node_modules/tinyglobby fdir@6.5.0 OK for: tinyglobby@0.2.15 want: ^6.5.0
2254 silly placeDep node_modules/tinyglobby picomatch@4.0.3 OK for: fdir@6.5.0 want: ^3 || ^4
2255 silly placeDep ROOT is-number@7.0.0 OK for: to-regex-range@5.0.1 want: ^7.0.0
2256 silly placeDep ROOT @types/json5@0.0.29 OK for: tsconfig-paths@3.15.0 want: ^0.0.29
2257 silly placeDep node_modules/tsconfig-paths json5@1.0.2 OK for: tsconfig-paths@3.15.0 want: ^1.0.2
2258 silly placeDep ROOT minimist@1.2.8 OK for: tsconfig-paths@3.15.0 want: ^1.2.6
2259 silly placeDep ROOT strip-bom@3.0.0 OK for: tsconfig-paths@3.15.0 want: ^3.0.0
2260 silly fetch manifest minimist@^1.2.0
2261 silly packumentCache full:https://registry.npmjs.org/minimist cache-miss
2262 http cache https://registry.npmjs.org/minimist 2ms (cache hit)
2263 silly packumentCache full:https://registry.npmjs.org/minimist set size:77063 disposed:false
2264 silly placeDep ROOT for-each@0.3.5 OK for: typed-array-byte-length@1.0.3 want: ^0.3.3
2265 silly placeDep ROOT reflect.getprototypeof@1.0.10 OK for: typed-array-byte-offset@1.0.4 want: ^1.0.9
2266 silly fetch manifest which-builtin-type@^1.2.1
2267 silly packumentCache full:https://registry.npmjs.org/which-builtin-type cache-miss
2268 http fetch GET 200 https://registry.npmjs.org/which-builtin-type 43ms (cache miss)
2269 silly packumentCache full:https://registry.npmjs.org/which-builtin-type set size:undefined disposed:false
2270 silly placeDep ROOT which-builtin-type@1.2.1 OK for: reflect.getprototypeof@1.0.10 want: ^1.2.1
2271 silly fetch manifest is-async-function@^2.0.0
2272 silly packumentCache full:https://registry.npmjs.org/is-async-function cache-miss
2273 silly fetch manifest is-finalizationregistry@^1.1.0
2274 silly packumentCache full:https://registry.npmjs.org/is-finalizationregistry cache-miss
2275 silly fetch manifest is-generator-function@^1.0.10
2276 silly packumentCache full:https://registry.npmjs.org/is-generator-function cache-miss
2277 silly fetch manifest which-boxed-primitive@^1.1.0
2278 silly packumentCache full:https://registry.npmjs.org/which-boxed-primitive cache-miss
2279 silly fetch manifest which-collection@^1.0.2
2280 silly packumentCache full:https://registry.npmjs.org/which-collection cache-miss
2281 http cache https://registry.npmjs.org/which-boxed-primitive 3ms (cache hit)
2282 silly packumentCache full:https://registry.npmjs.org/which-boxed-primitive set size:19407 disposed:false
2283 http fetch GET 200 https://registry.npmjs.org/which-collection 41ms (cache miss)
2284 silly packumentCache full:https://registry.npmjs.org/which-collection set size:undefined disposed:false
2285 http fetch GET 200 https://registry.npmjs.org/is-async-function 46ms (cache miss)
2286 silly packumentCache full:https://registry.npmjs.org/is-async-function set size:undefined disposed:false
2287 http fetch GET 200 https://registry.npmjs.org/is-generator-function 47ms (cache miss)
2288 silly packumentCache full:https://registry.npmjs.org/is-generator-function set size:undefined disposed:false
2289 http fetch GET 200 https://registry.npmjs.org/is-finalizationregistry 49ms (cache miss)
2290 silly packumentCache full:https://registry.npmjs.org/is-finalizationregistry set size:undefined disposed:false
2291 silly fetch manifest eslint@^8.57.0 || ^9.0.0 || ^10.0.0
2292 silly packumentCache full:https://registry.npmjs.org/eslint cache-miss
2293 http cache https://registry.npmjs.org/eslint 3ms (cache hit)
2294 silly packumentCache full:https://registry.npmjs.org/eslint set size:1970137 disposed:false
2295 silly fetch manifest typescript@>=4.8.4 <6.0.0
2296 silly packumentCache full:https://registry.npmjs.org/typescript cache-miss
2297 http cache https://registry.npmjs.org/typescript 19ms (cache hit)
2298 silly packumentCache full:https://registry.npmjs.org/typescript set size:15384539 disposed:false
2299 silly placeDep ROOT @typescript-eslint/eslint-plugin@8.57.1 OK for: typescript-eslint@8.57.1 want: 8.57.1
2300 silly placeDep ROOT @typescript-eslint/parser@8.57.1 OK for: @typescript-eslint/eslint-plugin@8.57.1 want: ^8.57.1
2301 silly placeDep ROOT @typescript-eslint/typescript-estree@8.57.1 OK for: typescript-eslint@8.57.1 want: 8.57.1
2302 silly placeDep ROOT @typescript-eslint/utils@8.57.1 OK for: typescript-eslint@8.57.1 want: 8.57.1
2303 silly fetch manifest ignore@^7.0.5
2304 silly packumentCache full:https://registry.npmjs.org/ignore cache-miss
2305 silly fetch manifest ts-api-utils@^2.4.0
2306 silly packumentCache full:https://registry.npmjs.org/ts-api-utils cache-miss
2307 silly fetch manifest @typescript-eslint/type-utils@8.57.1
2308 silly packumentCache full:https://registry.npmjs.org/@typescript-eslint%2ftype-utils cache-miss
2309 silly fetch manifest @typescript-eslint/visitor-keys@8.57.1
2310 silly packumentCache full:https://registry.npmjs.org/@typescript-eslint%2fvisitor-keys cache-miss
2311 silly fetch manifest @typescript-eslint/scope-manager@8.57.1
2312 silly packumentCache full:https://registry.npmjs.org/@typescript-eslint%2fscope-manager cache-miss
2313 silly fetch manifest @typescript-eslint/types@8.57.1
2314 silly packumentCache full:https://registry.npmjs.org/@typescript-eslint%2ftypes cache-miss
2315 silly fetch manifest @typescript-eslint/visitor-keys@8.57.1
2316 silly packumentCache full:https://registry.npmjs.org/@typescript-eslint%2fvisitor-keys cache-miss
2317 http cache https://registry.npmjs.org/ignore 7ms (cache hit)
2318 silly packumentCache full:https://registry.npmjs.org/ignore set size:237380 disposed:false
2319 silly fetch manifest @typescript-eslint/scope-manager@8.57.1
2320 silly packumentCache full:https://registry.npmjs.org/@typescript-eslint%2fscope-manager cache-miss
2321 http fetch GET 200 https://registry.npmjs.org/ts-api-utils 45ms (cache miss)
2322 silly packumentCache full:https://registry.npmjs.org/ts-api-utils set size:undefined disposed:false
2323 silly fetch manifest minimatch@^10.2.2
2324 silly packumentCache full:https://registry.npmjs.org/minimatch cache-miss
2325 http cache https://registry.npmjs.org/minimatch 2ms (cache hit)
2326 silly packumentCache full:https://registry.npmjs.org/minimatch set size:352359 disposed:false
2327 silly fetch manifest @typescript-eslint/types@8.57.1
2328 silly packumentCache full:https://registry.npmjs.org/@typescript-eslint%2ftypes cache-miss
2329 http fetch GET 200 https://registry.npmjs.org/@typescript-eslint%2ftypes 345ms (cache miss)
2330 silly packumentCache full:https://registry.npmjs.org/@typescript-eslint%2ftypes set size:undefined disposed:false
2331 silly fetch manifest @typescript-eslint/visitor-keys@8.57.1
2332 silly packumentCache full:https://registry.npmjs.org/@typescript-eslint%2fvisitor-keys cache-miss
2333 http fetch GET 200 https://registry.npmjs.org/@typescript-eslint%2fscope-manager 391ms (cache miss)
2334 silly packumentCache full:https://registry.npmjs.org/@typescript-eslint%2fscope-manager set size:undefined disposed:false
2335 silly fetch manifest @typescript-eslint/tsconfig-utils@8.57.1
2336 silly packumentCache full:https://registry.npmjs.org/@typescript-eslint%2ftsconfig-utils cache-miss
2337 http fetch GET 200 https://registry.npmjs.org/@typescript-eslint%2fvisitor-keys 512ms (cache miss)
2338 silly packumentCache full:https://registry.npmjs.org/@typescript-eslint%2fvisitor-keys set size:undefined disposed:false
2339 silly fetch manifest @typescript-eslint/project-service@8.57.1
2340 silly packumentCache full:https://registry.npmjs.org/@typescript-eslint%2fproject-service cache-miss
2341 http fetch GET 200 https://registry.npmjs.org/@typescript-eslint%2ftypes 495ms (cache miss)
2342 silly packumentCache full:https://registry.npmjs.org/@typescript-eslint%2ftypes set size:undefined disposed:false
2343 http fetch GET 200 https://registry.npmjs.org/@typescript-eslint%2ftype-utils 604ms (cache miss)
2344 silly packumentCache full:https://registry.npmjs.org/@typescript-eslint%2ftype-utils set size:undefined disposed:false
2345 http fetch GET 200 https://registry.npmjs.org/@typescript-eslint%2fscope-manager 634ms (cache miss)
2346 silly packumentCache full:https://registry.npmjs.org/@typescript-eslint%2fscope-manager set size:undefined disposed:false
2347 http fetch GET 200 https://registry.npmjs.org/@typescript-eslint%2ftsconfig-utils 227ms (cache miss)
2348 silly packumentCache full:https://registry.npmjs.org/@typescript-eslint%2ftsconfig-utils set size:undefined disposed:false
2349 http fetch GET 200 https://registry.npmjs.org/@typescript-eslint%2fproject-service 138ms (cache miss)
2350 silly packumentCache full:https://registry.npmjs.org/@typescript-eslint%2fproject-service set size:undefined disposed:false
2351 http fetch GET 200 https://registry.npmjs.org/@typescript-eslint%2fvisitor-keys 700ms (cache miss)
2352 silly packumentCache full:https://registry.npmjs.org/@typescript-eslint%2fvisitor-keys set size:undefined disposed:false
2353 http fetch GET 200 https://registry.npmjs.org/@typescript-eslint%2fvisitor-keys 376ms (cache miss)
2354 silly packumentCache full:https://registry.npmjs.org/@typescript-eslint%2fvisitor-keys set size:undefined disposed:false
2355 silly placeDep ROOT @typescript-eslint/scope-manager@8.57.1 OK for: @typescript-eslint/eslint-plugin@8.57.1 want: 8.57.1
2356 silly placeDep ROOT @typescript-eslint/type-utils@8.57.1 OK for: @typescript-eslint/eslint-plugin@8.57.1 want: 8.57.1
2357 silly placeDep ROOT @typescript-eslint/visitor-keys@8.57.1 OK for: @typescript-eslint/eslint-plugin@8.57.1 want: 8.57.1
2358 silly placeDep node_modules/@typescript-eslint/eslint-plugin ignore@7.0.5 OK for: @typescript-eslint/eslint-plugin@8.57.1 want: ^7.0.5
2359 silly placeDep ROOT ts-api-utils@2.5.0 OK for: @typescript-eslint/eslint-plugin@8.57.1 want: ^2.4.0
2360 silly fetch manifest eslint-visitor-keys@^5.0.0
2361 silly packumentCache full:https://registry.npmjs.org/eslint-visitor-keys cache-hit
2362 silly placeDep ROOT @typescript-eslint/types@8.57.1 OK for: @typescript-eslint/parser@8.57.1 want: 8.57.1
2363 silly placeDep ROOT @typescript-eslint/project-service@8.57.1 OK for: @typescript-eslint/typescript-estree@8.57.1 want: 8.57.1
2364 silly placeDep ROOT @typescript-eslint/tsconfig-utils@8.57.1 OK for: @typescript-eslint/typescript-estree@8.57.1 want: 8.57.1
2365 silly placeDep node_modules/@typescript-eslint/typescript-estree minimatch@10.2.4 OK for: @typescript-eslint/typescript-estree@8.57.1 want: ^10.2.2
2366 silly placeDep node_modules/@typescript-eslint/typescript-estree semver@7.7.4 OK for: @typescript-eslint/typescript-estree@8.57.1 want: ^7.7.3
2367 silly fetch manifest @typescript-eslint/tsconfig-utils@^8.57.1
2368 silly packumentCache full:https://registry.npmjs.org/@typescript-eslint%2ftsconfig-utils cache-miss
2369 silly fetch manifest brace-expansion@^5.0.2
2370 silly packumentCache full:https://registry.npmjs.org/brace-expansion cache-miss
2371 http cache https://registry.npmjs.org/@typescript-eslint%2ftsconfig-utils 3ms (cache hit)
2372 silly packumentCache full:https://registry.npmjs.org/@typescript-eslint%2ftsconfig-utils set size:997423 disposed:false
2373 http cache https://registry.npmjs.org/brace-expansion 6ms (cache hit)
2374 silly packumentCache full:https://registry.npmjs.org/brace-expansion set size:55744 disposed:false
2375 silly placeDep node_modules/@typescript-eslint/visitor-keys eslint-visitor-keys@5.0.1 OK for: @typescript-eslint/visitor-keys@8.57.1 want: ^5.0.0
2376 silly placeDep ROOT has-bigints@1.1.0 OK for: unbox-primitive@1.1.0 want: ^1.0.2
2377 silly placeDep ROOT which-boxed-primitive@1.1.1 OK for: unbox-primitive@1.1.0 want: ^1.1.1
2378 silly fetch manifest is-bigint@^1.1.0
2379 silly packumentCache full:https://registry.npmjs.org/is-bigint cache-miss
2380 silly fetch manifest is-boolean-object@^1.2.1
2381 silly packumentCache full:https://registry.npmjs.org/is-boolean-object cache-miss
2382 silly fetch manifest is-number-object@^1.1.1
2383 silly packumentCache full:https://registry.npmjs.org/is-number-object cache-miss
2384 http fetch GET 200 https://registry.npmjs.org/is-boolean-object 42ms (cache miss)
2385 silly packumentCache full:https://registry.npmjs.org/is-boolean-object set size:undefined disposed:false
2386 http fetch GET 200 https://registry.npmjs.org/is-bigint 43ms (cache miss)
2387 silly packumentCache full:https://registry.npmjs.org/is-bigint set size:undefined disposed:false
2388 http fetch GET 200 https://registry.npmjs.org/is-number-object 44ms (cache miss)
2389 silly packumentCache full:https://registry.npmjs.org/is-number-object set size:undefined disposed:false
2390 silly placeDep ROOT @unrs/resolver-binding-android-arm-eabi@1.11.1 OK for: unrs-resolver@1.11.1 want: 1.11.1
2391 silly placeDep ROOT @unrs/resolver-binding-android-arm64@1.11.1 OK for: unrs-resolver@1.11.1 want: 1.11.1
2392 silly placeDep ROOT @unrs/resolver-binding-darwin-arm64@1.11.1 OK for: unrs-resolver@1.11.1 want: 1.11.1
2393 silly placeDep ROOT @unrs/resolver-binding-darwin-x64@1.11.1 OK for: unrs-resolver@1.11.1 want: 1.11.1
2394 silly placeDep ROOT @unrs/resolver-binding-freebsd-x64@1.11.1 OK for: unrs-resolver@1.11.1 want: 1.11.1
2395 silly placeDep ROOT @unrs/resolver-binding-linux-arm-gnueabihf@1.11.1 OK for: unrs-resolver@1.11.1 want: 1.11.1
2396 silly placeDep ROOT @unrs/resolver-binding-linux-arm-musleabihf@1.11.1 OK for: unrs-resolver@1.11.1 want: 1.11.1
2397 silly placeDep ROOT @unrs/resolver-binding-linux-arm64-gnu@1.11.1 OK for: unrs-resolver@1.11.1 want: 1.11.1
2398 silly placeDep ROOT @unrs/resolver-binding-linux-arm64-musl@1.11.1 OK for: unrs-resolver@1.11.1 want: 1.11.1
2399 silly placeDep ROOT @unrs/resolver-binding-linux-ppc64-gnu@1.11.1 OK for: unrs-resolver@1.11.1 want: 1.11.1
2400 silly placeDep ROOT @unrs/resolver-binding-linux-riscv64-gnu@1.11.1 OK for: unrs-resolver@1.11.1 want: 1.11.1
2401 silly placeDep ROOT @unrs/resolver-binding-linux-riscv64-musl@1.11.1 OK for: unrs-resolver@1.11.1 want: 1.11.1
2402 silly placeDep ROOT @unrs/resolver-binding-linux-s390x-gnu@1.11.1 OK for: unrs-resolver@1.11.1 want: 1.11.1
2403 silly placeDep ROOT @unrs/resolver-binding-linux-x64-gnu@1.11.1 OK for: unrs-resolver@1.11.1 want: 1.11.1
2404 silly placeDep ROOT @unrs/resolver-binding-linux-x64-musl@1.11.1 OK for: unrs-resolver@1.11.1 want: 1.11.1
2405 silly placeDep ROOT @unrs/resolver-binding-wasm32-wasi@1.11.1 OK for: unrs-resolver@1.11.1 want: 1.11.1
2406 silly placeDep ROOT @unrs/resolver-binding-win32-arm64-msvc@1.11.1 OK for: unrs-resolver@1.11.1 want: 1.11.1
2407 silly placeDep ROOT @unrs/resolver-binding-win32-ia32-msvc@1.11.1 OK for: unrs-resolver@1.11.1 want: 1.11.1
2408 silly placeDep ROOT @unrs/resolver-binding-win32-x64-msvc@1.11.1 OK for: unrs-resolver@1.11.1 want: 1.11.1
2409 silly placeDep ROOT napi-postinstall@0.3.4 OK for: unrs-resolver@1.11.1 want: ^0.3.0
2410 silly fetch manifest @napi-rs/wasm-runtime@^0.2.11
2411 silly packumentCache full:https://registry.npmjs.org/@napi-rs%2fwasm-runtime cache-miss
2412 http fetch GET 200 https://registry.npmjs.org/@napi-rs%2fwasm-runtime 50ms (cache miss)
2413 silly packumentCache full:https://registry.npmjs.org/@napi-rs%2fwasm-runtime set size:undefined disposed:false
2414 silly placeDep ROOT @napi-rs/wasm-runtime@0.2.12 OK for: @unrs/resolver-binding-wasm32-wasi@1.11.1 want: ^0.2.11
2415 silly fetch manifest @emnapi/core@^1.4.3
2416 silly packumentCache full:https://registry.npmjs.org/@emnapi%2fcore cache-miss
2417 silly fetch manifest @tybys/wasm-util@^0.10.0
2418 silly packumentCache full:https://registry.npmjs.org/@tybys%2fwasm-util cache-miss
2419 http fetch GET 200 https://registry.npmjs.org/@emnapi%2fcore 59ms (cache miss)
2420 silly packumentCache full:https://registry.npmjs.org/@emnapi%2fcore set size:undefined disposed:false
2421 http fetch GET 200 https://registry.npmjs.org/@tybys%2fwasm-util 63ms (cache miss)
2422 silly packumentCache full:https://registry.npmjs.org/@tybys%2fwasm-util set size:undefined disposed:false
2423 silly placeDep ROOT @emnapi/core@1.9.1 OK for: @napi-rs/wasm-runtime@0.2.12 want: ^1.4.3
2424 silly placeDep ROOT @tybys/wasm-util@0.10.1 OK for: @napi-rs/wasm-runtime@0.2.12 want: ^0.10.0
2425 silly fetch manifest @emnapi/wasi-threads@1.2.0
2426 silly packumentCache full:https://registry.npmjs.org/@emnapi%2fwasi-threads cache-miss
2427 http fetch GET 200 https://registry.npmjs.org/@emnapi%2fwasi-threads 61ms (cache miss)
2428 silly packumentCache full:https://registry.npmjs.org/@emnapi%2fwasi-threads set size:undefined disposed:false
2429 silly placeDep ROOT @emnapi/wasi-threads@1.2.0 OK for: @emnapi/core@1.9.1 want: 1.2.0
2430 silly placeDep ROOT escalade@3.2.0 OK for: update-browserslist-db@1.2.3 want: ^3.2.0
2431 silly placeDep ROOT punycode@2.3.1 OK for: uri-js@4.4.1 want: ^2.1.0
2432 silly placeDep ROOT isexe@2.0.0 OK for: which@2.0.2 want: ^2.0.0
2433 silly placeDep ROOT is-bigint@1.1.0 OK for: which-boxed-primitive@1.1.1 want: ^1.1.0
2434 silly placeDep ROOT is-boolean-object@1.2.2 OK for: which-boxed-primitive@1.1.1 want: ^1.2.1
2435 silly placeDep ROOT is-number-object@1.1.1 OK for: which-boxed-primitive@1.1.1 want: ^1.1.1
2436 silly placeDep ROOT is-async-function@2.1.1 OK for: which-builtin-type@1.2.1 want: ^2.0.0
2437 silly placeDep ROOT is-finalizationregistry@1.1.1 OK for: which-builtin-type@1.2.1 want: ^1.1.0
2438 silly placeDep ROOT is-generator-function@1.1.2 OK for: which-builtin-type@1.2.1 want: ^1.0.10
2439 silly placeDep ROOT which-collection@1.0.2 OK for: which-builtin-type@1.2.1 want: ^1.0.2
2440 silly fetch manifest async-function@^1.0.0
2441 silly packumentCache full:https://registry.npmjs.org/async-function cache-miss
2442 silly fetch manifest generator-function@^2.0.0
2443 silly packumentCache full:https://registry.npmjs.org/generator-function cache-miss
2444 silly fetch manifest is-map@^2.0.3
2445 silly packumentCache full:https://registry.npmjs.org/is-map cache-miss
2446 silly fetch manifest is-weakmap@^2.0.2
2447 silly packumentCache full:https://registry.npmjs.org/is-weakmap cache-miss
2448 silly fetch manifest is-weakset@^2.0.3
2449 silly packumentCache full:https://registry.npmjs.org/is-weakset cache-miss
2450 http fetch GET 200 https://registry.npmjs.org/is-map 44ms (cache miss)
2451 silly packumentCache full:https://registry.npmjs.org/is-map set size:undefined disposed:false
2452 http fetch GET 200 https://registry.npmjs.org/is-weakmap 45ms (cache miss)
2453 silly packumentCache full:https://registry.npmjs.org/is-weakmap set size:undefined disposed:false
2454 http fetch GET 200 https://registry.npmjs.org/generator-function 45ms (cache miss)
2455 silly packumentCache full:https://registry.npmjs.org/generator-function set size:undefined disposed:false
2456 http fetch GET 200 https://registry.npmjs.org/async-function 47ms (cache miss)
2457 silly packumentCache full:https://registry.npmjs.org/async-function set size:undefined disposed:false
2458 http fetch GET 200 https://registry.npmjs.org/is-weakset 46ms (cache miss)
2459 silly packumentCache full:https://registry.npmjs.org/is-weakset set size:undefined disposed:false
2460 silly placeDep ROOT async-function@1.0.0 OK for: is-async-function@2.1.1 want: ^1.0.0
2461 silly placeDep ROOT generator-function@2.0.1 OK for: is-generator-function@1.1.2 want: ^2.0.0
2462 silly placeDep ROOT is-map@2.0.3 OK for: which-collection@1.0.2 want: ^2.0.3
2463 silly placeDep ROOT is-weakmap@2.0.2 OK for: which-collection@1.0.2 want: ^2.0.2
2464 silly placeDep ROOT is-weakset@2.0.4 OK for: which-collection@1.0.2 want: ^2.0.3
2465 silly placeDep node_modules/@typescript-eslint/typescript-estree brace-expansion@5.0.4 OK for: minimatch@10.2.4 want: ^5.0.2
2466 silly fetch manifest balanced-match@^4.0.2
2467 silly packumentCache full:https://registry.npmjs.org/balanced-match cache-miss
2468 http cache https://registry.npmjs.org/balanced-match 2ms (cache hit)
2469 silly packumentCache full:https://registry.npmjs.org/balanced-match set size:39082 disposed:false
2470 silly placeDep node_modules/@typescript-eslint/typescript-estree balanced-match@4.0.4 OK for: brace-expansion@5.0.4 want: ^4.0.2
2471 silly placeDep ROOT node-exports-info@1.6.0 OK for: resolve@2.0.0-next.6 want: ^1.6.0
2472 silly reify moves {}
2473 verbose stack Error: EPERM: operation not permitted, mkdir '/Users/hlorenzoz/databank/COD3/Antigravity/projects/templates/template-website/apps/template_website_dental_minimalist_teal/node_modules/eslint-config-next/node_modules'
2473 verbose stack     at async mkdir (node:internal/fs/promises:856:10)
2473 verbose stack     at async /opt/homebrew/lib/node_modules/npm/node_modules/@npmcli/arborist/lib/arborist/reify.js:572:20
2473 verbose stack     at async Promise.allSettled (index 5)
2473 verbose stack     at async #reifyPackages (/opt/homebrew/lib/node_modules/npm/node_modules/@npmcli/arborist/lib/arborist/reify.js:309:11)
2473 verbose stack     at async Arborist.reify (/opt/homebrew/lib/node_modules/npm/node_modules/@npmcli/arborist/lib/arborist/reify.js:121:5)
2473 verbose stack     at async Install.exec (/opt/homebrew/lib/node_modules/npm/lib/commands/install.js:152:5)
2473 verbose stack     at async Npm.exec (/opt/homebrew/lib/node_modules/npm/lib/npm.js:209:9)
2473 verbose stack     at async module.exports (/opt/homebrew/lib/node_modules/npm/lib/cli/entry.js:67:5)
2474 error code EPERM
2475 error syscall mkdir
2476 error path /Users/hlorenzoz/databank/COD3/Antigravity/projects/templates/template-website/apps/template_website_dental_minimalist_teal/node_modules/eslint-config-next/node_modules
2477 error errno -1
2478 error Error: EPERM: operation not permitted, mkdir '/Users/hlorenzoz/databank/COD3/Antigravity/projects/templates/template-website/apps/template_website_dental_minimalist_teal/node_modules/eslint-config-next/node_modules'
2478 error     at async mkdir (node:internal/fs/promises:856:10)
2478 error     at async /opt/homebrew/lib/node_modules/npm/node_modules/@npmcli/arborist/lib/arborist/reify.js:572:20
2478 error     at async Promise.allSettled (index 5)
2478 error     at async #reifyPackages (/opt/homebrew/lib/node_modules/npm/node_modules/@npmcli/arborist/lib/arborist/reify.js:309:11)
2478 error     at async Arborist.reify (/opt/homebrew/lib/node_modules/npm/node_modules/@npmcli/arborist/lib/arborist/reify.js:121:5)
2478 error     at async Install.exec (/opt/homebrew/lib/node_modules/npm/lib/commands/install.js:152:5)
2478 error     at async Npm.exec (/opt/homebrew/lib/node_modules/npm/lib/npm.js:209:9)
2478 error     at async module.exports (/opt/homebrew/lib/node_modules/npm/lib/cli/entry.js:67:5) {
2478 error   errno: -1,
2478 error   code: 'EPERM',
2478 error   syscall: 'mkdir',
2478 error   path: '/Users/hlorenzoz/databank/COD3/Antigravity/projects/templates/template-website/apps/template_website_dental_minimalist_teal/node_modules/eslint-config-next/node_modules'
2478 error }
2479 error
2479 error The operation was rejected by your operating system.
2479 error It is likely you do not have the permissions to access this file as the current user
2479 error
2479 error If you believe this might be a permissions issue, please double-check the
2479 error permissions of the file and its containing directories, or try running
2479 error the command again as root/Administrator.
2480 silly unfinished npm timer reify 1774182964019
2481 silly unfinished npm timer reify:createSparse 1774182975666
2482 verbose cwd /Users/hlorenzoz/databank/COD3/Antigravity/projects/templates/template-website/apps/template_website_dental_minimalist_teal
2483 verbose os Darwin 25.3.0
2484 verbose node v25.8.1
2485 verbose npm  v11.11.0
2486 notice
2486 notice New [33mminor[39m version of npm available! [33m11.11.0[39m -> [34m11.12.0[39m
2486 notice Changelog: [34mhttps://github.com/npm/cli/releases/tag/v11.12.0[39m
2486 notice To update run: [4mnpm install -g npm@11.12.0[24m
2486 notice  { force: true, Symbol(proc-log.meta): true }
2487 verbose exit -1
2488 verbose code -1
2489 error A complete log of this run can be found in: /Users/hlorenzoz/databank/COD3/Antigravity/projects/templates/template-website/apps/template_website_dental_minimalist_teal/.npm-cache/_logs/2026-03-22T12_36_03_666Z-debug-0.log
